1,-21,-6.25,25,0,-18.75,-2,95,0,0,0,0,,1
2,-14.75,-6.25,35,0.0,-14.25,-0.75,165,0.0,0,0,0,test commentaire ÈÈÈÈÈÈÈÈÈÈ‡‡‡‡‡‡‡‡‡‡,1
3,-12.5,-1.75,115,0.0,-0.25,-1.0,70,0.0,0,0,0,ÈÈÈ,1
4,-15.75,-3.75,85,0.0,3.25,-5.25,175,0.0,0,0,0,ÈÈÈ,1
5,1,-0.75,120,0,12.75,-2,15,0,0,0,1,,1
6,-17.5,-4,75,0,0,-1.5,75,0,0,1,1,,1
7,-15,-6,45,0,14,-3,170,0,0,0,1,,1
8,5.5,-2,135,0,-4,-4.75,125,0,0,0,0,,1
9,-8,-5.5,120,0,-17.5,-3,120,0,0,0,0,,1
10,-16.75,-5.25,105,0.5,-17.75,-4.0,180,0.5,2,1,0,,1
11,-11.75,-1.5,160,0,3.5,-4.5,150,0,0,0,0,,1
12,-23.5,-5.25,150,0,7.25,-2.5,90,0,0,0,0,,1
13,-4,-2.75,180,0,-19,-6.75,50,0,0,0,0,,1
14,13,-6.5,115,0,-6.25,-3.5,120,0,0,0,1,,1
15,-14.5,-4,160,0,-0.25,-3.25,125,0,0,0,1,,1
16,7.25,-4,80,0,-11.5,-4.25,5,0,0,0,1,,1
17,-13.75,-5,175,0,-24,-5,65,0,0,0,0,,1
18,14.25,-3,120,0,-21,-2,65,0,0,0,0,,1
19,-18.25,-0.75,155,0,-7.25,-5.25,95,0,0,0,0,,1
20,-9.25,-6,135,0,-14,0,95,0,0,0,0,,1
21,0,-6.5,10,2,1,-2.5,130,0,3,0,0,,1
22,-19,-4.25,150,1.75,9.75,-6.25,60,1.5,1,0,0,,1
23,8,-1.75,100,0,-5.75,-4,110,0,0,0,1,,1
24,-24.25,-3,175,1,-6.75,-5,55,0,2,0,0,,1
25,2,-5.75,35,0,-3.25,-5,110,0,0,0,1,,1
26,-15.75,-1,175,0,-13.75,-3.25,20,0,0,0,1,,1
27,-8.25,-4.75,130,0,1.5,-5.75,135,0,0,0,0,,1
28,13.75,-4,130,0,10,-5,50,0,0,0,0,,1
29,-19,-2,125,0,0.75,-3.75,120,0,0,0,0,,1
30,1.5,-0.5,25,0,-20,-6.25,180,0,0,0,0,,1
31,-20.5,-1,135,2,13.5,-3.25,170,0,3,0,0,,1
32,-3.75,-2,5,0,-5,-4,10,0,0,0,0,,1
33,-14.25,-5,20,0,-13.75,-2.75,60,0,0,0,0,,1
34,13.25,-2.5,105,0,-19,-6.5,125,0,0,1,0,,1
35,0.5,-1.75,10,0,-14.5,-3.5,95,0,0,0,0,,1
36,9.25,-2,70,0,6.75,-5.25,25,0,0,0,0,,1
37,12,-0.5,125,0,-6.25,-3,170,0,0,0,0,,1
38,9.75,-4,180,0,12.75,-6.5,145,0,0,1,0,,1
39,2.5,-5.5,105,0,3.5,-0.75,35,0,0,0,0,,1
40,-13.75,-1.5,115,0,-18.5,-5,115,0,0,0,0,,1
41,-4.5,-2,135,1.25,-21.5,-2.5,135,0,2,0,0,,1
42,-19,-1.25,100,0,-19,-0.75,165,0,0,0,0,,1
43,10.25,-2.75,105,0,-8.5,-1,145,0,0,0,0,,1
44,8,0,50,0,15,-5,180,0,0,0,0,,1
45,-19.25,-1,165,0,4,-4.25,60,0,0,0,0,,1
46,-19,-2.5,150,0,12,0,130,0,0,0,0,,1
47,-12.75,-2,175,0,-12.75,-1,165,0,0,0,0,,1
48,-6.25,-4.75,55,0,-18,-2,140,0,0,0,0,,1
49,12.5,-6,100,0,-10.75,-3,35,0,0,0,0,,1
50,13.75,-3.75,60,1.25,-10.75,-5.75,100,0,2,0,0,,1
51,-3,-4.25,95,0,0.25,-5,150,0,0,0,0,,1
52,-18,-6.25,140,0,9.75,-2,65,1,3,0,0,,1
53,-13.75,-2.5,90,0,-17.5,-0.5,10,0,0,0,0,,1
54,12.75,-6.5,140,0,-11,-1.25,145,0,0,0,1,,1
55,10.75,-2.75,85,0,-24.5,-6,175,0,0,0,0,,1
56,-13,-5,115,0,-4,-2,100,0,0,0,0,,1
57,4,-7,130,0,-23.75,-5.75,140,0,0,0,1,,1
58,-8.75,-0.25,45,2,-7.75,-6.75,170,0,2,0,1,,1
59,8.5,-2,50,0.75,-18,-5.25,45,0,2,1,0,,1
60,-15,-3.75,160,0,13,-1.5,105,0,0,0,0,,1
61,8,-0.75,60,0,8.5,-4.5,140,0,0,0,0,,1
62,-9,-1,155,0,-13,-1.5,165,0,0,0,0,,1
63,-14.25,-4,120,0,-7,-0.75,60,0,0,0,0,,1
64,0.5,-1.75,150,0,-7,-5,165,0,0,0,0,,1
65,-19,-2.5,100,0,-20.75,-1,85,0,0,0,0,,1
66,-1,-5,70,0,-14,-3,180,0,0,0,0,,1
67,6.25,-2.25,5,0,-23.25,-5,15,0,0,0,0,,1
68,11,-4,15,0,9.5,-6.25,80,0,0,0,1,,1
69,-18.5,-3,65,1.5,12.75,-4.5,30,0,1,0,0,,1
70,1.5,-5,70,0,-8,-1.5,55,0,0,0,0,,1
71,-11.5,-4.75,15,0,10,-5.25,50,0,0,0,0,,1
72,14,-4.25,155,0,4.75,-7,145,0,0,0,0,,1
73,-21.5,-3,140,0,9.75,-3.75,145,0,0,0,0,,1
74,6.75,-1.5,90,0,10.25,-2,35,0,0,0,0,,1
75,7.75,-1,10,0,13.25,-1,15,0,0,0,1,,1
76,-20.75,-6,10,0,-20,-0.5,25,0,0,0,0,,1
77,2.5,-3.5,40,0,13,-3,25,0,0,1,0,,1
78,-10.75,-3.75,180,0,-14,-1.75,40,0,0,0,1,,1
79,-0.75,-3.25,100,0,9.75,-3.25,70,0,0,1,0,,1
80,-7,-2.75,50,0,-13.5,-5.5,35,0,0,0,1,,1
81,-0.5,-7,180,0,-17,-1.25,5,0,0,0,0,,1
82,-23.75,-2.5,130,0,11.25,-4,15,0,0,0,0,,1
83,-15.75,-1.75,75,0,11,-6,105,0,0,0,0,,1
84,-19,-4.5,50,0,7.75,-2.75,85,0,0,0,0,,1
85,-25,-0.5,55,0,5,-6.5,125,0,0,0,1,,1
86,-16,-5,115,0,-12.5,-1.25,20,0,0,0,0,,1
87,4.5,-3.5,110,0,-13.75,-3,95,0,0,0,1,,1
88,-19,-5.5,125,0,-22.5,-5.5,170,0,0,0,0,,1
89,-0.25,-6,60,0,-7,-5,125,0,0,0,0,,1
90,-11.5,-0.25,80,0,14,-4.5,30,0,0,0,0,,1
91,-9.75,-0.25,40,0,-17,-4,55,0,0,0,0,,1
92,-21,-4.75,15,0,-13.5,-1.5,170,0,0,0,1,,1
93,-4.75,-6,25,0,0.5,-6.25,20,0.5,1,0,0,,1
94,-1.25,-5.5,125,1,6,-3,120,0,3,0,0,,1
95,2.75,-5.25,65,1.5,4,-2.25,155,0,3,0,0,,1
96,-23.25,-6.75,45,0,-21,-1.5,110,0,0,0,0,,1
97,11.25,0,65,0,-10,-2,25,0,0,1,0,,1
98,-23.75,-6,180,0,-19.5,-1.5,105,0,0,0,0,,1
99,15,-2.75,80,0,5.5,-5.5,100,0,0,0,0,,1
100,-19.25,-7,160,0,6,-0.5,55,1,3,0,0,,1
101,2.75,-3.5,35,0,11.5,-5.25,35,0,0,0,1,,1
102,-18.25,-0.75,35,0,3,-1,115,0,0,0,0,,1
103,5.5,-1.75,155,0,15,-3,110,0,0,0,0,,1
104,12,-0.25,25,0,0.5,-6,50,0,0,0,0,,1
105,-12,-5,20,0,-24.5,-2,130,0,0,0,0,,1
106,-6.75,-6.25,40,0,2,-4.25,160,0,0,0,1,,1
107,-1,-3,120,0,-24.25,-2.5,150,0,0,0,0,,1
108,-13.75,-6.5,130,0,14.5,-2.75,180,0,0,0,0,,1
109,7.5,-6,120,0,-12.25,-3.75,45,0,0,0,1,,1
110,11.75,-3,110,0,1.75,-2,75,0,0,0,0,,1
111,-11,-5.5,55,0,-17.25,-5,60,0,0,0,0,,1
112,-10.75,-4,130,0,-12,-6.25,145,0,0,0,0,,1
113,-12.5,-4,105,0,13,-0.25,135,0,0,1,0,,1
114,10.5,-4,135,0,-3.75,-4,5,0,0,0,0,,1
115,-2.25,-2,150,0,3.25,-2.25,95,0,0,0,0,,1
116,12.75,-0.25,40,0,-21,-0.75,50,0,0,0,0,,1
117,-12,-5,5,0,8.5,-2.75,135,0,0,0,0,,1
118,11.5,-0.75,5,0,-19.5,-2.25,135,0,0,0,0,,1
119,-23.75,-4,130,0,-3,-4.25,80,0,0,0,0,,1
120,1,-6.25,135,0,-12.75,-3.5,155,0,0,0,0,,1
121,-16,-3.75,140,0,10.75,-2.5,165,0,0,0,1,,1
122,12.25,-2.25,40,0,2.75,-5.25,130,0,0,1,1,,1
123,-21,-0.75,25,0,-3.75,-6.75,60,0,0,0,0,,1
124,11,-3.5,120,0,-14.25,-1.5,10,0,0,0,0,,1
125,-14,-5.75,5,0,-16.5,-2.75,140,0,0,0,0,,1
126,2.75,-3.75,135,0,-20.5,-5,10,0,0,0,0,,1
127,12,-2,50,0,-5,-4.5,35,0,0,0,1,,1
128,9,-2.75,70,0,0.75,-3,170,2.5,1,0,0,,1
129,-3.75,-4.25,175,0,10.75,-6,170,0,0,0,0,,1
130,-13.25,-5,50,0,2.75,-0.75,30,0,0,0,0,,1
131,-22.75,-1.25,105,0,14.25,-7,15,0,0,1,0,,1
132,12,-3,130,0,-1.75,-7,65,0,0,0,0,,1
133,-10,-4.5,20,0,7.25,-2,120,0,0,0,0,,1
134,-12.5,-5.75,150,0,-2,-2,155,0,0,0,0,,1
135,6.5,-2,65,0,-8,-0.25,30,0,0,0,0,,1
136,-16,-3.5,85,0,14.75,-1.25,130,0,0,1,0,,1
137,-10.75,-6.5,30,0,4.5,-2.25,170,0,0,0,0,,1
138,-21.25,-3.75,125,2.25,-5,-3,150,0,3,0,0,,1
139,-1,-4,160,0,10.25,-2.5,65,0,0,0,0,,1
140,-1,-4.5,165,0,-1.25,-1,40,0,0,0,0,,1
141,13,-4,55,0,8,-2.75,120,0,0,0,0,,1
142,-11.5,-6,165,0,-3.75,-2.5,80,0,0,1,0,,1
143,9.25,-2,35,2.75,0,-0.5,40,0,3,0,0,,1
144,-6.25,-3,50,0,14.25,-5,155,0,0,0,0,,1
145,3.25,0,45,0,-9.25,0,140,0,0,0,0,,1
146,11,-1.25,150,0,-4.25,-2,55,0,0,0,1,,1
147,9.25,-4.25,130,0,-12,-2,115,0,0,0,0,,1
148,-15.5,-2.5,35,0,-5,-1,60,0,0,0,0,,1
149,-18.25,-1,85,0,13,-0.5,140,0,0,0,0,,1
150,-22,-4.75,140,0,14,-1,55,0,0,0,0,,1
151,11.5,-5.75,180,0,8.25,-3,70,0,0,0,0,,1
152,-8.75,-5.5,65,0,0,-5.25,65,0,0,0,0,,1
153,-2.25,-2,110,0,-3.25,-2.75,40,0,0,1,0,,1
154,-21.25,-1,155,0,-13.25,-4.75,110,0,0,0,0,,1
155,-3,-4.5,25,0,-0.25,-4.5,100,0.5,2,0,0,,1
156,-22.5,-7,25,0,0,-4,145,0,0,0,1,,1
157,-7.25,-1.5,170,0,14.5,-1,170,0,0,0,0,,1
158,2.5,-1,80,0,-12.25,-6.25,25,0,0,0,1,,1
159,2,-0.75,5,0,9,-0.25,55,0,0,0,1,,1
160,-5.75,-3,165,0,-19,-0.5,55,0,0,0,0,,1
161,-15.5,-3,180,0,-7,-0.5,60,0,0,0,0,,1
162,-20.25,-4.5,180,0,-20.75,-5.25,5,0,0,0,0,,1
163,9,-5,35,0,-15.25,-3,65,0,0,0,1,,1
164,2.25,-1,85,0,8.75,-1.75,130,0,0,0,0,,1
165,-0.5,-0.5,15,0,-19.25,-0.25,45,0,0,0,0,,1
166,-16,-1.5,165,2.5,-3,-1,95,0,2,0,0,,1
167,-9.75,-6.75,110,0,9.25,-3,55,1.5,3,0,0,,1
168,11.25,-2.25,90,0,1,-1.75,5,0,0,0,0,,1
169,-23.5,-5.5,60,0,-5.25,-2.5,80,0,0,0,0,,1
170,-2.25,-0.5,120,0,-15,-1.25,45,2.25,3,0,0,,1
171,-8.75,-6,135,0,-24.5,-3.25,15,0,0,0,0,,1
172,-7,0,55,0,-23.75,-2,10,0,0,0,0,,1
173,5,-6,105,0,-14.5,-5.25,10,0,0,0,1,,1
174,-12,-0.5,80,0,9.25,-1.25,100,0,0,0,0,,1
175,11,-3.5,5,0,4.75,-1,165,0,0,1,0,,1
176,2,-5.5,135,0,-1,-6.25,120,0,0,0,1,,1
177,-21,-1,160,0,1.25,-6.75,155,0,0,0,0,,1
178,-24.5,-4,30,0,-4.75,-5.75,20,0,0,0,0,,1
179,2.25,-3.5,145,0,-21.75,-2.75,175,0,0,0,0,,1
180,-2.75,-6,45,0,-24.25,-5,5,0,0,0,1,,1
181,13.75,-6.75,90,0,-12.25,-6.75,35,0,0,0,1,,1
182,-18,-0.25,155,0,-0.25,-5.75,130,0,0,0,0,,1
183,-13.75,-4.75,165,0,-22.5,-6.75,165,0,0,0,0,,1
184,12,-1,10,0,-21.75,-1.75,115,0,0,0,0,,1
185,-17,-2.5,75,0,-24,-0.5,70,0,0,1,0,,1
186,-25,-5.5,100,0,13,-1.75,125,0,0,0,0,,1
187,-7.25,-0.25,85,2.5,-12.5,-4.75,10,0,2,0,1,,1
188,-25,-4.75,120,0,0.75,-1,120,0,0,0,0,,1
189,-19,-1.75,155,0,1,-0.75,165,0,0,0,0,,1
190,-6,-5,140,0,-8.5,-7,110,0,0,0,0,,1
191,-18.25,-2,40,2.75,6.5,-3.5,180,0,3,0,0,,1
192,-21.5,-2,45,0,-10.75,-1.25,75,0,0,1,0,,1
193,10.75,-2,155,0,-3,-5,80,0,0,0,0,,1
194,-7.5,-6.5,55,0,-3.25,-1.75,75,0,0,1,0,,1
195,-3.5,-2.75,15,0,-17.75,-6.5,40,0,0,0,0,,1
196,-20.75,-5,75,0,5.25,-4.75,150,0,0,0,0,,1
197,-6.25,-1.75,65,0,11,-2,135,0,0,0,0,,1
198,-22,-1.5,180,0,-11.75,-3.5,40,0,0,0,0,,1
199,-14.5,-3.25,20,0,-13.5,-2.25,80,0,0,0,0,,1
200,12.25,-4,70,0,-6.75,-4.25,35,0,0,0,1,,1
201,12,-1.5,180,0,-15.25,-5,90,0,0,0,1,,1
202,3,-6.75,100,0,10.75,-5.25,135,0,0,0,0,,1
203,-6.75,0,80,0.5,4.75,-6.25,65,0,3,0,0,,1
204,2,-6,150,0,3.25,-6,110,0,0,1,0,,1
205,14.5,-0.25,95,0,-8,-5.5,80,0,0,1,0,,1
206,7,-2.5,75,0,-19.5,-2,20,0,0,0,0,,1
207,8,-4.5,30,0,1.25,-3.25,95,0,0,0,0,,1
208,-14,-6,180,0,-4.5,-6.5,180,0,0,0,0,,1
209,11.25,-6.25,150,0,-6.25,-2.75,45,0,0,1,0,,1
210,7.5,-2,90,0,9.75,-2,85,0,0,0,0,,1
211,1.25,-3,90,0,-23.75,-0.25,125,0,0,0,0,,1
212,11.25,-6.75,65,0,-22,-6.5,145,0,0,0,0,,1
213,-24,-1.5,90,0,-16.25,-0.5,100,0,0,0,0,,1
214,4.25,-0.5,95,0,12.25,-2,65,0,0,0,0,,1
215,-22,-3.5,150,0,-8.5,-0.75,90,0,0,0,1,,1
216,7.25,-1,45,0,-19.5,-6.75,5,0,0,0,0,,1
217,-9,-2,145,0,9.25,-3,95,0,0,0,0,,1
218,-0.5,-6,55,0,-12.25,-6.5,50,0,0,0,0,,1
219,8.25,-6.5,35,0,-20.5,-3,145,0,0,0,0,,1
220,-19.75,-6,40,0,-15,-5,40,0,0,0,0,,1
221,-9.75,-4.5,75,0,12,0,35,0,0,0,0,,1
222,-13.75,-3.75,65,0,-5,-4,60,0,0,0,0,,1
223,-10.25,0,85,0,-6.75,-1,180,2,1,0,0,,1
224,-19,-6.5,90,0,12.5,-1.25,100,0,0,0,0,,1
225,-8.25,-6,65,0,1.25,-3,10,0,0,1,0,,1
226,14.75,-6.75,140,0,-20,-2.5,40,0,0,0,0,,1
227,-1.5,-1.25,85,0,0,-2.75,90,0,0,0,0,,1
228,5.25,-6.25,55,0,-21,-6.75,160,0,0,0,0,,1
229,11,-0.25,60,0,8.75,-1.75,15,0,0,0,1,,1
230,3.5,-0.75,55,0,-5.25,-0.5,90,0.75,1,0,0,,1
231,-10.5,-4.75,25,0,-1.75,-2.25,50,0,0,0,0,,1
232,-21,-5.25,175,0,-7.75,-0.25,45,0,0,1,1,,1
233,-10,-6.25,50,2.5,-24,-5.75,100,0,3,0,0,,1
234,-12.5,-5.5,25,0,8.75,-1.25,20,0,0,0,0,,1
235,-22.75,-5.5,55,0,12.5,0,20,0,0,0,0,,1
236,-22.5,-1.5,60,0,-18.25,-1.25,20,0,0,0,0,,1
237,0.25,-1.75,170,2.75,13.5,-1.75,80,0,2,0,1,,1
238,-24,0,55,0,-2.25,-6.75,15,0,0,0,0,,1
239,-19,-5.5,85,0,-5.5,-5,30,0,0,0,0,,1
240,7.75,-3.25,40,0,11,-4,110,0,0,0,0,,1
241,-15.25,-4,5,0,7.75,-1,140,0,0,0,0,,1
242,-8,-3.5,115,0,-11.75,-1.5,10,0,0,0,0,,1
243,-15.25,-2.75,110,0,4,-0.75,100,0,0,0,0,,1
244,14.5,-3.5,130,0,6.75,-2,125,0,0,0,0,,1
245,-12.25,-6,75,0,-23,-5.75,100,0,0,1,0,,1
246,-11,-1,140,0,-1,-1,45,0,0,1,0,,1
247,4.5,-2.75,115,0,-18.5,-6.5,180,0,0,0,0,,1
248,-6.75,-3.75,5,0,-5.5,-3.5,85,0,0,0,0,,1
249,-2.5,-5.75,65,0,-24,-5,95,0,0,0,0,,1
250,-10,-5,100,1.5,4.25,-5.5,170,0,2,0,0,,1
251,13.25,-2.25,95,0,-14.5,-4.5,90,0,0,1,0,,1
252,-4.25,-5.75,130,0,-13.5,-1,90,0,0,0,0,,1
253,-21.25,-3.25,45,0,-14.25,-5,90,0,0,0,0,,1
254,2,-1,65,0,-6,-2,170,0,0,0,0,,1
255,10,0,165,0,-10.75,-0.25,70,0,0,0,0,,1
256,-15.25,-1,145,0,-6.75,-5.75,130,0,0,0,0,,1
257,-17.25,-5,130,0,-15.5,-3.75,180,0,0,0,0,,1
258,-11.75,-3.5,105,0,-6,-1.75,140,0,0,1,0,,1
259,-3.5,-1.25,120,0,8.5,-1,145,0,0,0,0,,1
260,-9,-0.25,70,0,1.5,-1.5,15,0,0,1,0,,1
261,-18.75,-3,110,0,13,-2,35,0,0,0,0,,1
262,-22.75,-3.25,145,0,9.5,-3,85,0,0,1,0,,1
263,-6.75,-5.25,15,0,-4.25,-6,40,0,0,0,0,,1
264,1.25,-5.75,65,0,7.5,-3,155,0,0,1,0,,1
265,-22.75,-6,60,0,-6.5,-3,120,0,0,0,0,,1
266,1,-1.75,110,0,-21.25,-6.25,140,0,0,0,0,,1
267,-7.5,-3.25,55,0,-16.75,-3.75,175,0,0,1,1,,1
268,-9.75,-3,160,0,-19.25,-5,15,0,0,0,1,,1
269,-21,-1.75,160,0,9,-5.75,135,0,0,0,0,,1
270,-15.25,-7,40,2,9.25,-6.25,85,0,2,1,1,,1
271,-8.75,-1.25,145,0,3.75,-5.5,85,0,0,0,0,,1
272,1,-1.75,20,0,-0.75,-6,110,3,1,0,0,,1
273,-3.75,-2.75,120,0,-8.5,-5,100,0,0,0,1,,1
274,-16,-6,55,0,-0.25,-1.75,15,0,0,0,0,,1
275,-3.75,-5.5,95,0,9.75,-2,175,0,0,0,0,,1
276,-8.5,-5.25,110,0,9,-7,30,0,0,1,0,,1
277,-12,-0.5,45,0,-24.25,-1,180,0,0,0,0,,1
278,-5,-2.75,170,0,-20,-1.25,40,0,0,0,0,,1
279,11,-4,125,0,9.25,-4.5,70,0,0,0,0,,1
280,-4.75,-6.75,10,0,10.5,-2,115,0,0,0,1,,1
281,1,-2.5,50,0,-1.5,-1,10,0,0,0,0,,1
282,-13.25,-4.5,130,0,-16.75,-4,85,0,0,0,0,,1
283,-1.5,-5.25,5,0,-7.75,-4.25,110,0,0,0,0,,1
284,-5.75,-5,25,0,1.75,-4,135,3.25,3,0,0,,1
285,-13.75,-6.75,95,0,4.5,-3.5,75,0,0,0,1,,1
286,6,-0.5,80,0,-9,-1.5,140,0,0,0,0,,1
287,14.25,-4.5,170,0,-15,-1,125,0,0,0,0,,1
288,10.75,-3,160,0,-19,-0.75,65,0,0,0,0,,1
289,-24.75,-6.75,100,0,-8.25,-1.25,5,0,0,0,0,,1
290,3.25,-2.75,155,1.5,9.5,-1.25,70,0,3,0,1,,1
291,-19,-0.75,105,0,7.75,-3,140,0,0,0,0,,1
292,-20.75,-7,80,0,14.5,-3,160,0,0,0,0,,1
293,5.5,-2.75,170,0,-15,-3,10,0,0,0,0,,1
294,-13.75,-3.75,50,0,5.25,-3,15,0,0,0,0,,1
295,-15.75,-3,140,0,-13,-2,85,0,0,1,0,,1
296,4,-6.5,40,0,-20.25,-2,40,0,0,0,0,,1
297,-23.5,-2,75,0,-13.5,-1.5,25,0,0,0,0,,1
298,9,-6,35,0,7,-4.75,40,0,0,0,1,,1
299,8.5,-4,30,0,-1.75,-4.75,80,0,0,0,0,,1
300,-2,-2.5,95,0,-25,-4.25,110,0,0,0,0,,1
301,12,-3.75,175,0,-15.5,-3,140,0,0,0,0,,1
302,-5.75,-1.25,95,0,4.75,-6.75,20,0,0,0,0,,1
303,-23.25,-1,90,0,-15,-6,15,0,0,0,0,,1
304,-10.75,-7,120,0,-7.75,-5.5,170,0,0,0,1,,1
305,8.25,-4,15,0,-10.25,-4,60,0,0,0,0,,1
306,-23,-7,50,0,8.25,-2,150,0,0,0,1,,1
307,-12.25,-4,125,3,-14.5,-1,155,0,1,0,0,,1
308,10.75,-5,40,0,-2.5,-5,45,0,0,0,0,,1
309,-14.25,-6.25,105,0.5,-19.25,-3.75,25,0,1,0,0,,1
310,8,-5,30,0,-17.5,-7,180,0,0,0,0,,1
311,-25,-5,170,0,-19,-3.5,180,0,0,0,0,,1
312,-16.75,-3.5,10,0,9.75,-1.75,120,0,0,1,1,,1
313,-15,-6.5,155,0,13.5,-0.5,55,0,0,0,0,,1
314,-9.75,-2.5,55,0,-9.25,-5,25,0,0,0,0,,1
315,-11.5,-1,20,1.5,-14.75,-3.25,115,0,1,0,0,,1
316,-11,-5.5,10,0,-20.25,-5.75,95,0,0,1,0,,1
317,-19.5,-5.25,30,0,-21.75,-5.25,30,2.5,2,0,0,,1
318,-3,-5.25,55,0,-2,-6.75,85,0,0,0,1,,1
319,8.5,-2,30,0,5.5,-0.75,120,0,0,0,0,,1
320,1.5,-1.75,15,0,13,-3.75,55,0,0,0,0,,1
321,9.5,-2,85,0,-22.5,-2,15,0,0,0,0,,1
322,-24,-3.75,35,0,-11.75,-5.25,45,0,0,1,0,,1
323,-11.25,-3.25,165,0,8,-6.75,150,0,0,0,1,,1
324,-12.75,-0.25,180,0,12.75,-5,90,0,0,0,0,,1
325,-14,-0.25,140,0,1,-2.5,180,0,0,0,0,,1
326,7,-2,70,0,-9,-6.25,25,0,0,0,1,,1
327,14.75,-2.5,50,0,8.25,-4,105,0,0,0,0,,1
328,-21,-4,145,0,-21,-5.25,70,0,0,0,0,,1
329,10,-5,25,0,14,-3,150,0,0,0,0,,1
330,-22,-4.75,35,0,-9,-2.25,105,0,0,0,0,,1
331,-23.5,-5,30,0,-5.25,-1,175,0,0,0,1,,1
332,9.75,-2.25,175,0,-1.5,-5,125,0,0,0,0,,1
333,-16.5,-6,30,0,12.25,-1,140,0,0,1,0,,1
334,10.25,-4.75,110,0,-23.75,-3,85,0,0,0,0,,1
335,-16,-0.5,65,0,14,-5.5,155,0,0,0,0,,1
336,-5.25,-2,45,0,-24.75,-4,165,0,0,0,0,,1
337,13.5,-3,125,0,-13,-2.5,165,0,0,0,0,,1
338,-7,-4.25,55,0,-24.25,-0.75,35,0,0,0,0,,1
339,-3.75,-0.75,110,0,-7,-6,40,0,0,0,1,,1
340,-6,0,55,0,8.5,-3,100,0,0,0,0,,1
341,-18,-4,130,0,-3.25,-3.5,45,0,0,0,0,,1
342,-6,-2.25,30,0,5.25,-1.75,55,0,0,0,0,,1
343,6,-5.5,60,0,0,-6.75,35,0,0,0,0,,1
344,-4.25,-3.25,160,0,-9.75,-7,15,0,0,0,0,,1
345,12.25,-5.5,15,0,7,-4.25,140,0,0,1,0,,1
346,-13.5,-4,90,0,-5.75,0,15,0,0,0,0,,1
347,9.25,-2,25,0,-18,-1,30,0,0,0,0,,1
348,-13.75,-3,150,0,-4,-1.25,40,0,0,0,0,,1
349,-13,-6,115,0,11,-5.25,150,0,0,0,0,,1
350,1.75,-3.75,120,0,-16.75,-0.25,65,0,0,0,0,,1
351,-15.5,-6.25,95,0,14.75,-3,115,0,0,0,0,,1
352,0,-1.75,25,0,8,-4,155,0,0,0,0,,1
353,12.25,-6,50,0,-23.25,-3.5,180,0,0,0,0,,1
354,10.5,0,105,0,-15,-0.75,160,0,0,0,0,,1
355,-15.25,-4.75,170,2,10,-5.75,110,0,2,0,0,,1
356,-21,0,45,0,-19.5,-5.5,10,0,0,0,0,,1
357,8,-6.75,90,0,14,-1.25,125,0,0,0,1,,1
358,-18,-4.5,100,0,14.25,-2,155,0,0,0,0,,1
359,6.25,-6.25,10,3,-21,-2.5,95,0,3,0,0,,1
360,-15.75,-0.25,145,0,-6.25,-3.5,145,0,0,0,0,,1
361,-7.75,-6.25,170,0,-16,-3.5,100,0,0,0,0,,1
362,14,-2,180,0,-6.5,-6,105,0,0,0,0,,1
363,11,-6,80,0,3,-0.75,120,0,0,0,0,,1
364,2,-2.5,105,0,0,-6,40,0,0,0,0,,1
365,-19.25,-4,50,0,-18,-5,165,0,0,0,0,,1
366,-8.75,-6.5,50,0,-14.75,-3.25,180,0,0,0,0,,1
367,0,-0.25,170,0,-7.25,-5.5,75,0,0,0,0,,1
368,-11,-0.5,40,0,-8.25,-2.25,170,0,0,0,0,,1
369,6.5,-5.25,60,0,-14.25,-1.5,20,0,0,1,0,,1
370,-7.5,-3.25,30,0,-13,-3.25,35,0,0,0,0,,1
371,-17.5,-3,135,0,-8,-1,170,0,0,0,0,,1
372,-2.75,-4.75,140,1,-10,-3,125,0,1,0,0,,1
373,-18,-6.25,95,0,-8,-3.75,80,0,0,1,1,,1
374,-16,-1.75,105,0,-9.75,-0.75,160,0,0,0,1,,1
375,-3,-1.25,125,0,4.75,-0.25,105,0,0,1,0,,1
376,1,-3,175,0,7.75,-3.25,155,0,0,0,0,,1
377,-1.75,-1,160,0,8.25,-2.5,70,0,0,0,0,,1
378,4.5,-2,145,0,-3.75,-1,10,0,0,0,0,,1
379,-13.25,-1,15,0,-16.25,-5,105,0,0,0,0,,1
380,0.25,-5,130,0,-5.75,-6,15,0,0,0,0,,1
381,4.75,-4.75,45,0,-13,-0.5,25,2,3,0,0,,1
382,-10,-6,70,0,-23.75,-4.25,115,0,0,0,0,,1
383,-21,-6.25,175,0,9.5,-5,165,0,0,0,0,,1
384,8,-4.75,110,0,-3.75,-6,145,0,0,0,0,,1
385,-6.75,-2,130,0,0.75,-5,180,0,0,0,0,,1
386,3.25,-0.25,75,0,-23.5,-4.75,130,0,0,0,0,,1
387,-15,-3,145,0,-10.25,-7,135,0,0,0,0,,1
388,-4.5,-2,5,0,9.25,-1.75,35,0,0,0,1,,1
389,-14.75,-6.75,85,0,-14.25,-2,65,0,0,0,0,,1
390,14,-2,70,0,-17,-4,85,0,0,0,0,,1
391,8.75,-4,60,0,12.25,-1.5,100,0,0,1,0,,1
392,-16.5,-0.5,40,0,-18,0,20,0.75,3,0,0,,1
393,0.5,-6.5,130,0,1.5,-3,45,0,0,0,0,,1
394,-21.5,-1.75,160,0,-24.5,-2,25,0,0,0,0,,1
395,-12.25,-5.75,125,0,-12.25,-3,140,0,0,0,0,,1
396,-13.5,-5.75,55,0,4,-1,30,0,0,1,0,,1
397,12.75,-6,10,0,12.5,-1,155,0,0,0,0,,1
398,-14.25,-5,145,0,-11,-5.75,30,0,0,1,0,,1
399,-15.5,-3.5,35,0,-5.25,-7,180,0,0,0,0,,1
400,9.5,-5,105,0,-22.5,-1,105,0,0,0,0,,1
401,11.5,-1,5,0,-17,-4.75,150,0,0,0,1,,1
402,13.5,-4.75,65,0,-17.5,-4,15,0,0,0,0,,1
403,-14,-3,175,0,7,-2.25,145,0,0,0,0,,1
404,-16.5,-6,35,0,3.75,-1.25,100,0,0,0,0,,1
405,-17.5,-2,55,0,1.25,-1.75,40,0,0,0,0,,1
406,-13,-3.5,25,0,3.25,-6.5,170,0,0,0,1,,1
407,-0.25,-4,80,0,-17,-2.75,135,0,0,0,0,,1
408,-9,-6,75,0,2.75,-2.75,70,0,0,0,0,,1
409,-20.75,-3,95,0,12.25,-6.25,35,0,0,0,1,,1
410,12,-6.25,165,0,10,-2,70,0,0,0,0,,1
411,11,-2,160,0,-4.25,-3.25,75,0,0,0,1,,1
412,-17,-0.75,25,0,-5,-7,140,0,0,0,0,,1
413,9,-1,45,0,-7,-2,170,0,0,0,0,,1
414,2,-6.75,95,0,-0.75,-4.75,120,0,0,0,0,,1
415,-14.5,-5,70,0,-24.75,-5.75,160,0,0,0,0,,1
416,9.25,-4.5,140,0,-3,-5,95,0,0,0,0,,1
417,-2.75,-4.75,110,3,-11,-1.5,60,0,2,0,1,,1
418,-15.5,-5,115,0,5.5,-0.75,90,0,0,0,0,,1
419,-9.5,-7,90,0,-19,-5.25,110,0,0,0,1,,1
420,-7.5,-6.75,60,0,-18.5,-5,175,0,0,0,1,,1
421,-1.75,-3.5,45,0,-1,-0.75,65,0,0,0,1,,1
422,-15,-1.25,135,0,-12,-6.25,145,0,0,0,0,,1
423,3.25,-6.75,80,0,-22,-1.75,65,0,0,0,0,,1
424,-13,-5,70,0,0.75,-5,155,0,0,0,0,,1
425,-0.75,-1,110,0,11.25,-2.25,135,0,0,0,0,,1
426,0,-3.75,85,0,-8,-6.5,65,0,0,0,0,,1
427,6,-5.25,105,0,-21.75,-2,170,2.5,3,0,0,,1
428,0.5,-0.5,125,3.5,-8.5,-6.25,125,0,2,0,0,,1
429,9.25,-0.25,125,0,-15.75,-4.75,170,0,0,0,0,,1
430,5.5,-6.5,95,2,13.75,-6,180,0,2,0,0,,1
431,0.5,-1,15,0,5,-4.75,175,0,0,0,0,,1
432,-9.75,-3,90,0,-11.75,-6.5,115,0,0,0,1,,1
433,-17,-6.75,45,0,-20,-5.5,80,0,0,1,0,,1
434,-3,-3.5,120,0,-8.75,-4.75,90,0,0,1,0,,1
435,4.75,-1.25,30,0,6,-4.5,120,0,0,0,0,,1
436,-8,-1.75,125,2.5,8,-4.5,120,0,1,1,0,,1
437,-24.25,-3,115,0,13.5,-5,155,0,0,0,1,,1
438,4.25,-6,90,0,-10,-7,45,0,0,0,0,,1
439,-10.5,-1,140,2.25,7.75,-6.75,105,0,1,0,0,,1
440,-16,-6.25,100,0,-23.75,-2.25,130,0,0,0,0,,1
441,-7,-6.5,55,0,-15,-3.25,75,0,0,0,0,,1
442,-10,-5.5,40,0,-1.25,-4.5,140,0,0,0,0,,1
443,0,-6.25,5,0,-20,-4.25,125,0,0,0,0,,1
444,1.25,-6.25,25,0,-24.75,-6.25,60,0,0,0,0,,1
445,10.25,-2,100,0,14.5,-6,160,0,0,0,0,,1
446,13.25,-6,45,0,2,-1.5,110,0,0,0,0,,1
447,6,-3.5,145,0,-23.5,-4.25,70,0,0,0,0,,1
448,-8.75,-1.5,140,0,-19.25,-6.75,40,0,0,0,0,,1
449,-23.75,-2,30,0,-13,0,135,0,0,0,0,,1
450,-20,-3.5,90,0,-17.25,-6.5,105,0,0,0,0,,1
451,10.75,-4,110,0,3,-2.25,140,2.75,2,0,0,,1
452,-9.25,-5.25,155,0,-21.75,-1.25,110,0,0,0,0,,1
453,-10,-3.75,150,0,-17,-6.75,75,0,0,0,0,,1
454,-9.5,-6,45,0,6.5,-2.25,30,0,0,0,0,,1
455,0.5,-4.5,115,0,-10.75,-1.25,65,0,0,0,0,,1
456,-9.25,-6.75,120,0,11.5,-2.75,30,0,0,0,0,,1
457,-17.5,-4.25,120,0,-21,-3,155,0,0,0,1,,1
458,-18.5,-1,140,0,8.25,-6.25,135,0,0,0,1,,1
459,0.75,-0.75,120,0,-20,-0.5,115,0,0,0,0,,1
460,4.5,-3.5,25,0,-4,-1.25,5,0,0,0,0,,1
461,-9,-1.75,105,0,-1.75,-4,60,0,0,0,1,,1
462,0.25,-6,70,0,-10,-1,45,0,0,0,0,,1
463,-19.75,-1.5,25,0,-3.5,-4.5,85,0,0,0,0,,1
464,-13,-2.5,165,0,-1,0,80,0,0,0,0,,1
465,1,-2.75,120,0,-7.75,-4.25,95,0,0,0,0,,1
466,-23.25,-2,15,0,-6.5,-2,140,0,0,1,0,,1
467,-4.5,-4.5,165,0,-10,-6.25,135,0,0,0,0,,1
468,-24.5,-0.75,125,0,-18.25,-6.5,105,0,0,0,1,,1
469,-4.5,-1,25,0,-14,-2.75,180,0,0,0,1,,1
470,-10.25,-6,175,0,-19,0,100,0,0,1,0,,1
471,-23.75,-5.75,80,0,10.25,-5.75,135,0,0,0,1,,1
472,-10,-2,100,0,-5,-1.25,95,0,0,0,0,,1
473,-8.25,-1.75,120,0,12,0,35,0,0,0,0,,1
474,-10.75,-0.5,10,0,-17,-6.5,150,0,0,0,1,,1
475,3,-5,65,0,-22.5,-1,100,0,0,0,1,,1
476,-12.5,-5.75,130,0,-22,-1.25,65,0,0,0,0,,1
477,-8,-6,45,0,-23,-3,145,0,0,0,0,,1
478,9.5,-0.5,40,0,-18.25,-3.75,85,0,0,0,1,,1
479,13.75,-1,70,0,-13,-1,140,0,0,0,0,,1
480,-17.5,-3.25,115,0,-13.75,-4,40,0,0,0,1,,1
481,-22,-2.25,90,0,-16,-1.75,120,0,0,1,0,,1
482,-4,-2.25,95,0,-14.5,-1.75,130,0,0,0,0,,1
483,0.25,-1.5,65,0,-20.25,-2,150,0,0,0,0,,1
484,-18,-1,85,0,-16.75,-6.25,110,0,0,0,0,,1
485,2.25,-5.5,65,0,14.75,-3.75,110,0,0,0,0,,1
486,-20,-0.25,115,0,-23,-2,105,0,0,0,0,,1
487,-1,-3.25,130,0,13,-6,130,0,0,0,1,,1
488,-22,-1,75,0,3.25,-3,5,0,0,1,0,,1
489,-24.25,-4,140,0,-14.25,-7,75,0,0,0,0,,1
490,-5,-0.75,165,0,8.25,-0.25,45,0,0,1,0,,1
491,-17.75,-3,15,0,11,-4.75,45,0,0,0,0,,1
492,-16,0,165,0,8,-1,130,0,0,0,0,,1
493,-21,-3.25,30,0,8.75,-3.5,70,0,0,0,0,,1
494,-10.75,-2.25,15,0,12.25,-5,20,0,0,0,1,,1
495,14.5,-1.25,80,0,0.75,-6,105,0,0,0,0,,1
496,0.75,-5,175,0,11,-3.25,35,0,0,0,0,,1
497,14,-0.25,170,0,-18.75,0,110,0,0,0,0,,1
498,-17.25,-4.25,15,0,-22.25,-4.75,135,0,0,0,1,,1
499,-21.5,-5.5,80,0,13.5,-2.25,115,0,0,0,0,,1
500,9,-6.25,120,0,-13.5,-1,175,0,0,0,0,,1
501,10.75,-4.25,40,0,12,-4.25,110,0,0,0,1,,1
502,12,-2,105,0,-3.75,-4,15,0,0,0,0,,1
503,-1,-3.5,100,0,1.25,-2,50,0,0,0,0,,1
504,15,-4,20,0,-22.75,-0.5,55,0.5,1,0,0,,1
505,-18,0,135,0,-19.5,-3,120,0,0,0,0,,1
506,1.25,-0.75,20,0,-23.25,-1.75,140,0,0,0,0,,1
507,0.25,-2.75,20,0,-6.5,-5.5,110,0,0,0,0,,1
508,-21.5,-4.75,50,0,-1.75,-3,110,0,0,0,0,,1
509,-10.75,-0.25,145,0,-14.75,-3,180,0,0,0,0,,1
510,5.75,-2.75,105,0,-15.75,-3,25,0,0,0,0,,1
511,-23,-6.5,70,0,-17.25,-1.5,75,0,0,0,1,,1
512,-2,-2,65,0,-23.25,-2.75,20,0,0,0,0,,1
513,3.5,-1,165,3.25,5.25,-0.5,70,0,2,0,0,,1
514,9,-2,105,1.75,-13,0,110,0,3,0,0,,1
515,11.5,-2.5,115,0,-18,-2.25,120,0,0,0,1,,1
516,11.25,-1.25,60,0,-11.75,-2,70,0,0,0,1,,1
517,8.75,-1.25,120,0,-21.25,-5,175,0,0,0,0,,1
518,9,-4.5,85,0,4.5,-3.75,100,0,0,0,0,,1
519,11,-0.5,130,0,0,-5.5,10,0,0,0,0,,1
520,-16.75,-2,50,0.75,12,-6,95,0,2,0,0,,1
521,-15.75,-2,95,0,12.25,-2,165,0,0,0,0,,1
522,-20.75,-5,45,0,-16,-3.25,60,0,0,0,0,,1
523,4.5,-2.5,150,0,-10.25,-0.5,145,0,0,0,0,,1
524,12.75,-6,150,0,-16.75,-2.75,40,0,0,0,0,,1
525,-12,-3,85,0,-9,-5.25,40,0,0,0,1,,1
526,14.75,-4.25,40,0,9.5,-2.5,40,0,0,0,0,,1
527,3,-2.75,170,0,3,-7,70,0,0,0,1,,1
528,-13.75,-5,105,0,-7.25,-1.25,25,0,0,0,0,,1
529,-13.25,-0.75,160,0,-22,-0.25,50,0,0,0,1,,1
530,7.25,-4.5,70,0,-21.75,-1.5,60,0.25,1,0,0,,1
531,-22.25,-6,15,3.5,-19.75,-4.25,35,0,1,0,0,,1
532,-16,-4.5,45,0,10,-0.25,150,0,0,0,0,,1
533,-18.5,-6,15,0,6.25,-5.5,60,0,0,0,0,,1
534,-8,-0.5,60,0,-8,-1.25,80,0,0,0,0,,1
535,-4,-6.75,135,0,14,-2,135,0,0,1,0,,1
536,-7,-4,110,0,-3.75,-0.25,20,0,0,0,1,,1
537,-19,-3.25,160,0,-22,-3,100,0,0,0,0,,1
538,-3,-4.25,160,0,-4.25,-2.75,40,0,0,0,0,,1
539,-16,-5,10,0,-5.25,-1,65,0,0,0,0,,1
540,-2,-3,55,0,13.75,-6,85,0,0,0,0,,1
541,2.5,-2,90,0,-20.75,-4.25,60,0,0,0,1,,1
542,-7.75,-4.5,140,0,13,-2.5,155,0,0,0,0,,1
543,-19.5,-2,85,0,4.75,-2,110,0,0,1,0,,1
544,-12.75,-3,10,0,10.75,-2.75,80,0,0,1,1,,1
545,-20.75,-5,55,0,3.25,-6,75,0,0,0,0,,1
546,-16.5,-4,25,0,5,-1.5,145,0,0,0,0,,1
547,-24,-2.25,160,0,-1.5,-3,15,0,0,0,0,,1
548,2,-4.25,95,0,4.75,-5.25,60,0,0,0,0,,1
549,4,-3,110,0,-1,-5.25,75,0,0,0,0,,1
550,-25,-5.5,115,0,-21.75,-3.75,105,0,0,0,0,,1
551,-3.5,-6.75,125,0,-22,-6,115,0,0,0,0,,1
552,-23,-2,80,0,-24,-0.5,80,0,0,0,1,,1
553,-12,-2,100,0,3,-3.25,30,0,0,0,0,,1
554,-17.25,-2.25,100,0,-22,-0.25,75,0,0,0,0,,1
555,-23.25,-4.75,150,0,-9.5,-5.25,150,0,0,0,0,,1
556,-15,-1,165,0,3.25,-2.75,40,0,0,0,1,,1
557,-9.75,-6,125,0,-5,-1.25,30,0,0,1,1,,1
558,-21.25,-2,170,0,1,-5.75,155,0,0,0,0,,1
559,-18,-3.75,75,0,-9,-0.75,5,0,0,0,0,,1
560,14.25,0,95,0,10,-1.75,10,0,0,0,0,,1
561,6,-4,75,0,7,-1,60,0,0,0,1,,1
562,-16.25,-6.75,100,0,-17.25,-3.5,110,0,0,1,0,,1
563,-4.25,-0.5,175,0,-18.25,-5,5,0,0,0,0,,1
564,-16,-1.5,30,0,-6,-3.75,60,0,0,0,1,,1
565,-16,-0.5,145,0,-17,-3.25,110,0,0,0,0,,1
566,-10,-1.75,180,0,-14.25,-4,85,0,0,0,0,,1
567,-5,-0.5,45,0,-11.75,-4.5,15,0,0,0,0,,1
568,-2.75,-4.25,5,0,-7,-6.25,165,0,0,0,0,,1
569,10,-0.75,125,0,-10.75,-2,170,0,0,0,0,,1
570,-2.25,-4,120,0,0.75,-3.25,5,0,0,0,0,,1
571,5.5,-2,100,0,-16.5,-5,25,0,0,0,0,,1
572,-2,-3,70,0,-15,-5,30,0,0,0,0,,1
573,-15.75,-5.75,75,0,-14.75,-1.5,175,0,0,0,0,,1
574,-5.25,-3,35,0,-1,-6.5,20,0,0,1,0,,1
575,10,-1.75,65,0,-17,0,30,0,0,0,0,,1
576,11,-2.75,100,0,-23,-6,145,0,0,1,0,,1
577,-5.5,-5,25,0,-16,-2.5,180,0,0,0,1,,1
578,3.25,-6.25,125,0,-6,-7,80,0,0,0,0,,1
579,-14.5,-5,55,0,-24,-4.75,80,0,0,0,0,,1
580,-8,-3.25,80,0,6,-3,10,0,0,0,0,,1
581,5,-6,55,0,-14,-1.5,75,0,0,0,0,,1
582,11.25,-1.75,45,0,-1.5,-2.75,75,0,0,0,0,,1
583,2.5,-2.25,165,0,-15.5,-0.25,95,0,0,0,0,,1
584,2,-2.25,85,0,7.75,-3,65,0,0,0,1,,1
585,-11.25,-6,160,0,-14.5,-1,120,0,0,0,0,,1
586,-15,-0.25,130,0,-14,-1,150,0,0,0,0,,1
587,5.75,-3.25,145,0,-13.75,-0.25,150,0,0,0,0,,1
588,13,-1.25,50,0,-9.5,-4,75,0,0,0,0,,1
589,-16,-4,90,0,6,-0.5,140,2.5,1,0,0,,1
590,1.25,-6,65,0,-8.75,-5,135,0,0,0,0,,1
591,-6.25,-6,160,0,9,0,95,0,0,0,1,,1
592,-3.75,-6,120,0,-11.5,0,175,0,0,0,0,,1
593,-17,-6.75,35,0,-3.75,-4,25,0,0,0,0,,1
594,6.75,-1,135,0,-8.25,-2.25,170,0,0,0,1,,1
595,-14.75,-1.5,65,0,-3.25,-4.75,150,0,0,0,0,,1
596,-3,-2,35,0,12.25,-5.75,170,0,0,0,0,,1
597,-1,0,120,0,-22.75,-2,130,0,0,0,0,,1
598,-23,-2.75,40,0,-11,-6.5,120,0,0,0,0,,1
599,12,-6,105,0,-8,-0.75,55,0,0,0,0,,1
600,5,-5.5,170,0,-0.75,-0.5,70,0,0,0,0,,1
601,-0.25,-1,20,0,-21,-7,175,2,3,0,0,,1
602,-23,-2.5,35,0,12.5,-2.25,135,0,0,0,0,,1
603,-13.5,-4.75,55,0,-15.5,-1.25,120,0,0,1,0,,1
604,-19.5,-1.75,60,0,12,-0.75,155,0,0,0,0,,1
605,8,-1.25,150,0,-1.5,-0.75,95,0,0,0,0,,1
606,6,-0.75,175,0,-8,-3,55,0.5,3,0,0,,1
607,-6,-5,60,0,-7.75,-2.25,20,0,0,0,0,,1
608,1.75,-4,95,0,-4.5,-6.5,110,0,0,0,0,,1
609,-23.5,-3.75,175,0,0.5,-1.75,5,0,0,0,0,,1
610,-8,-4,110,0,13,-4.5,170,0,0,0,0,,1
611,-12.5,-4.25,70,0,-1.25,-0.5,140,0,0,0,1,,1
612,-0.25,-3,95,0,-9.75,-3,130,0,0,0,0,,1
613,-9.5,-7,85,0,-12,-3.25,115,0,0,0,0,,1
614,-8.25,-7,170,0,-4,-4,145,0,0,0,0,,1
615,5.5,-6,170,0,-23,-1,165,0,0,0,0,,1
616,-0.75,-5,10,0,4.5,-0.25,10,0,0,0,0,,1
617,-17,-5.5,140,0,5.5,-4.5,135,0,0,0,1,,1
618,11.25,-3.75,90,0,11,-6.75,140,0,0,0,0,,1
619,-24.25,-1,65,0,-14.75,-4.25,155,0,0,0,0,,1
620,-14.5,-5.25,55,0,-20.75,-0.75,95,0,0,0,0,,1
621,-19,-4,50,0,5.75,-1,150,0,0,0,0,,1
622,-12.25,-1.25,130,0,-7,-4.75,115,0,0,0,1,,1
623,-5.75,-5.75,55,0,-12.25,-1,60,0,0,0,1,,1
624,-9.75,-5.25,80,0,6,-5.25,80,0,0,0,0,,1
625,2,-1,15,0,-18,-1,130,0,0,0,1,,1
626,9.75,-6,165,0,7,-2.75,125,0,0,0,0,,1
627,-4,-5,170,0,2.75,-4.75,55,0,0,0,0,,1
628,-4.5,-5.75,180,0,13,-3.75,15,0,0,0,1,,1
629,6.5,-5.5,145,0,-13.75,-4.75,165,0,0,0,0,,1
630,-4.25,-2,180,0,9.25,-0.5,70,0,0,0,0,,1
631,-20.5,-4.5,155,0,-12.75,-2.75,85,0,0,0,1,,1
632,-0.25,-0.25,95,0,-5.25,-6.75,45,0,0,0,0,,1
633,-14,-2.75,175,0,13.5,-6,135,0,0,0,1,,1
634,-8.5,-3.25,155,0,14.75,-1.5,15,0,0,0,0,,1
635,1.75,-5,105,0,7.75,-2.25,70,0,0,0,0,,1
636,4.5,-4.5,175,0,4.75,-2,105,0,0,1,0,,1
637,5,-1.25,100,0,-2.5,-4.5,50,0,0,0,0,,1
638,-21.25,-2,145,0,-23.25,-6,140,0,0,0,0,,1
639,-17,-6.5,65,0,-10.25,-3,150,0,0,0,0,,1
640,-2.5,-1.5,125,0,13.25,-5.25,75,1.5,2,0,0,,1
641,1.75,-1,110,0,-24,-3.75,75,0,0,0,1,,1
642,-2.75,-2.75,60,0,2,-6,65,0,0,0,0,,1
643,-9.75,-6.5,165,0,-6.75,-3,40,0,0,0,0,,1
644,-24,-4,45,0,13.25,-5.75,110,0.75,1,0,0,,1
645,13,-1,75,0,1,-0.5,5,0,0,0,0,,1
646,2.25,-4,45,0,-24.5,-1.5,70,0,0,0,1,,1
647,-5,-4.75,160,0,8,-1,20,0,0,0,0,,1
648,-10.75,-3.25,85,0,-5,-3.25,165,0,0,0,0,,1
649,-15.5,-2.75,125,0,0,-0.25,45,0,0,1,0,,1
650,4.25,-2,10,0,-8.5,-3.75,75,0.5,2,0,0,,1
651,7.75,-1,70,0,8.75,-6.25,80,0,0,0,0,,1
652,-19.25,-0.75,20,0,-19,-4,110,0,0,0,0,,1
653,-16.25,-3.5,70,0,-17.5,-4,155,0,0,0,0,,1
654,4,-3,65,0,10.75,-1.25,80,0,0,0,0,,1
655,-21,-5.5,55,0,7,-2.5,25,0,0,0,0,,1
656,-13.25,-4.5,65,0,-14.25,-3.5,60,0,0,0,0,,1
657,-11,-7,160,0,-23,-6.5,50,0,0,0,1,,1
658,-11,-1.25,85,0,13.5,-3.5,15,0,0,0,0,,1
659,-13.25,-2.25,165,0,12.75,-6.5,135,0,0,0,0,,1
660,-10,-3.5,15,0,7.5,-3.25,165,0,0,0,0,,1
661,11.5,-4.25,115,0,-22.5,-1.25,85,0,0,0,1,,1
662,2.25,-4.5,175,0,-14.25,-3.75,130,0,0,0,0,,1
663,-17,-6.5,155,0,2,-2.75,135,0,0,0,0,,1
664,-13,0,155,0,-7.25,-0.75,180,0,0,0,0,,1
665,-20.75,-0.75,145,0,-12.5,-1,170,0,0,0,0,,1
666,11,-1.5,50,0,2.25,-6.5,35,0,0,0,0,,1
667,11.75,-4.5,155,0,-9,-6.25,125,0,0,0,0,,1
668,-12,-3.75,160,0,4,-6.5,140,0,0,0,0,,1
669,5,-1.5,110,0,1.25,-6.5,10,0,0,0,0,,1
670,2.5,-4,30,0,-12.75,-0.5,35,0,0,0,0,,1
671,-11,-5,125,0,-20.75,-1.75,60,0,0,0,1,,1
672,12,-0.25,150,0,-8.25,-4,175,0,0,0,0,,1
673,-7.5,-1,85,0,-21.25,-2.25,140,0,0,0,0,,1
674,-16.25,-4.75,55,0,-24.25,-4.25,10,0,0,0,0,,1
675,-0.75,-1.5,115,0,-15.25,-4.5,175,0,0,0,0,,1
676,-14.5,-5.25,65,0,-8.25,-1,65,0,0,0,1,,1
677,-12,-2.5,70,0,3.75,-2.25,120,1.25,3,0,0,,1
678,9,-1.25,45,0,3.75,-1.75,130,0,0,0,0,,1
679,-9,-2,85,0,-5.5,-2.5,145,0,0,0,1,,1
680,4,-4.5,50,0,4.5,-4.5,140,0,0,0,1,,1
681,-1.5,-0.5,85,0.75,-16.5,-0.25,155,0,1,0,0,,1
682,9,-4.5,95,0,-21.75,-4,65,0,0,0,0,,1
683,-15,-2.75,70,0,-18.25,-2,35,0,0,0,0,,1
684,-19,-2.75,35,0,-9,-2.25,10,0,0,0,0,,1
685,-8.25,-3.25,75,0,0.25,-1,5,0,0,0,0,,1
686,-24,-1.25,65,0,-3.75,-1.75,10,0,0,0,1,,1
687,13.25,-4.5,145,0,-17.5,-2,90,0,0,0,0,,1
688,-18.25,-0.25,155,0,-6.75,-2.5,105,0,0,0,0,,1
689,-8.5,-0.75,170,0,-19,-1.5,130,0,0,0,1,,1
690,-10.5,-6,80,0,-5.75,-4.75,85,0,0,1,0,,1
691,13.75,-4.5,10,0,6.25,-3.25,145,0.75,1,0,0,,1
692,-3,-5.5,150,0,7.75,-3.25,130,0,0,0,1,,1
693,-3.25,-6,10,0,-5.25,-4,135,0,0,0,0,,1
694,-18.75,-4.5,35,0,1,-4.25,175,0,0,0,0,,1
695,12,-5.5,40,0,9.75,0,135,0,0,0,0,,1
696,-15.25,-4,85,0,0,-1.75,25,0,0,0,1,,1
697,-1.25,-1.75,90,0,13.75,-3.75,5,0,0,0,0,,1
698,-21.5,-2.5,25,0,1,-6.75,100,0,0,0,0,,1
699,-17.5,-2.25,165,0,-3,0,25,0,0,0,0,,1
700,-23.5,-5.5,170,0,13.75,-7,120,0,0,0,1,,1
701,-23.25,-3.25,10,0,-1.75,-7,150,0,0,0,0,,1
702,-15,-7,70,0,-17,-6,85,0,0,0,1,,1
703,11,-5,95,0,-20,-5,140,0,0,1,0,,1
704,-22,-2.25,165,0,-11,-3,85,0,0,0,0,,1
705,4.5,0,60,0,-23.75,-2.75,120,0,0,0,0,,1
706,10.75,-0.25,65,0,-18,-0.75,10,0,0,0,0,,1
707,13,-3.25,45,0,8,-5.5,45,0,0,0,0,,1
708,-12,-2,110,1.25,-17.5,-3,110,0,1,0,1,,1
709,12,-6.5,20,0,13.25,-4.75,25,0,0,0,0,,1
710,-4.25,-1.25,155,0,-6,-0.75,10,0,0,0,0,,1
711,-20.5,-4,20,0,6.25,-1.5,90,0,0,0,0,,1
712,-15,0,95,0,10.5,-6.25,70,0,0,0,0,,1
713,-6.75,-6,145,0,-9.5,-1,10,0,0,0,1,,1
714,-2.25,-4.25,155,0,-16,-6.5,150,0,0,0,0,,1
715,-8,-5.5,170,2.25,-11.75,-5,125,0,1,0,0,,1
716,8,-3.25,80,0,-1.25,-3.5,100,0,0,0,0,,1
717,-9.25,-0.75,45,0,14,-3,140,0,0,0,0,,1
718,-20,-2,55,0,-22,-1.25,170,0,0,1,0,,1
719,-16.25,-5.75,135,0,5,-0.25,85,0,0,0,0,,1
720,13.5,-6.5,140,0,-14,-1.5,65,0,0,0,0,,1
721,-19.5,-2,115,0,13.5,-2,65,0,0,0,0,,1
722,5.25,-5,110,0,1.75,-1,50,0,0,0,0,,1
723,11.5,-6.5,85,0,4.75,-6.75,35,0,0,0,1,,1
724,-16.5,-6,10,0,3.25,-2,80,1.5,2,0,0,,1
725,-8,-1.75,105,0,-9.5,-2.25,75,0,0,0,0,,1
726,-22,-7,25,0,-11,-0.75,70,0,0,0,0,,1
727,-3.25,-4,165,0,-22.5,-3.25,130,0,0,0,1,,1
728,-10.25,-0.75,160,0,4.5,-0.25,180,0,0,0,0,,1
729,3,-6,5,1.5,-11.25,-6.25,85,0,3,1,1,,1
730,3,-0.5,15,0,11,-2.75,30,0,0,0,0,,1
731,-14.5,-1.75,135,3,-14.75,-4.5,40,0,2,0,1,,1
732,-12,-6.75,25,0,-13.25,-1,60,0,0,0,0,,1
733,-11.75,-3.5,100,0,-19.25,-2,25,0,0,0,0,,1
734,-14,-5.75,165,0,-14.75,-4,115,0,0,0,0,,1
735,-6.75,-1.5,25,0,1,-2,15,0,0,0,0,,1
736,-3,-0.5,20,0,-18,-1,105,0,0,0,0,,1
737,-23.25,-4,65,0,-9.5,-2,140,0,0,0,0,,1
738,-8,-6,150,0,-16.5,-4.75,25,0,0,0,0,,1
739,9.5,0,120,0,-11,-3.75,55,0,0,0,0,,1
740,10.75,-0.75,35,0,-23.25,-5.5,40,0,0,0,0,,1
741,14,-3.75,165,2.5,-22,-2.75,35,0,3,0,0,,1
742,14,-0.5,120,0,-23.5,-3.25,165,0,0,0,0,,1
743,-4.25,-5.5,50,0,8.5,-6.5,105,0,0,0,0,,1
744,6,-4,125,0,14,-6.5,160,0,0,0,0,,1
745,10,-2.25,170,0,-20,-2,45,0,0,0,0,,1
746,1.75,-2.25,25,0,-16.75,-4.25,35,0,0,0,0,,1
747,-24,-6,50,0,-14,-0.5,25,0,0,1,0,,1
748,7.75,-1,50,0,-9.5,-1,145,0,0,0,1,,1
749,-22,-4.25,180,0,-5,-6,75,0,0,0,0,,1
750,4.75,-3.25,145,0,-7,-0.25,75,0,0,0,0,,1
751,-12.75,-2.5,60,0,0.25,-3.5,120,0,0,0,1,,1
752,-22.75,-4.25,55,0,3.25,-4.5,95,0,0,0,0,,1
753,-17,-4.5,125,0,-23,-1,60,0,0,0,0,,1
754,8.25,-6,95,0,-19.75,-1.75,135,0,0,0,0,,1
755,-1.5,-1.5,165,0,10,-5,140,0,0,0,1,,1
756,14.5,-0.5,55,0,2,-4.5,160,0,0,0,0,,1
757,-0.5,-6.25,90,0,-19,-3.75,85,0,0,0,0,,1
758,-3,-6.75,140,0,-10.75,-5,150,0,0,0,0,,1
759,-0.5,-1,110,0,13,-1,50,0,0,1,0,,1
760,9.5,-1.5,110,0,7.25,-6.75,40,0,0,0,0,,1
761,-5,-3.5,60,0,-3,-6,135,0,0,0,0,,1
762,-13,-1,170,0,10.75,-4.5,15,2.5,2,0,0,,1
763,-23.5,-4,175,0,-14.5,-0.75,40,0,0,0,0,,1
764,10.75,-2.75,130,0,-17,-1.25,115,0,0,0,1,,1
765,-7.5,-3.25,160,0,-0.75,-6.25,80,0,0,0,0,,1
766,-10.5,-4.5,65,0,-3,-0.25,135,0,0,1,0,,1
767,2,-4.5,95,0,-18.75,-2.5,175,0,0,0,1,,1
768,-17.5,-4,140,0,-5.25,0,90,0,0,0,1,,1
769,-7.25,-0.25,120,0,-23,-6,180,0,0,0,0,,1
770,-0.5,-1.5,130,0,8.25,-0.25,15,0,0,0,0,,1
771,-10.5,-0.5,170,0,-20.75,-3.25,10,0,0,0,0,,1
772,-16.75,-1.5,70,0,-17.25,-5.25,165,0,0,0,0,,1
773,-6,-3.5,60,0,11,-4,25,0,0,0,0,,1
774,2.5,-5.75,180,0,0.25,-3.5,25,0,0,0,0,,1
775,-10.75,-6.25,50,0,-20,-5.75,105,0,0,0,0,,1
776,5.5,-5.75,115,3.25,13.25,-3.5,85,0,1,0,0,,1
777,8,-2,125,2.75,-16.5,-6,75,0,1,0,1,,1
778,-11.25,-6.25,135,0.5,1,-0.5,55,0,2,0,0,,1
779,-16.5,-0.25,125,0,-4.75,-1,5,0,0,1,0,,1
780,-8.75,-4.5,170,0,12,-0.5,20,0,0,0,0,,1
781,-8.25,-1.5,180,0,-14.75,-7,75,0,0,1,0,,1
782,-17.25,-4.75,80,0,-17,-6,95,0,0,0,0,,1
783,-17,-3.25,50,3.5,-1,-6.5,165,0,1,0,0,,1
784,-9.75,-4.5,40,0,-16.5,-7,130,0,0,0,1,,1
785,0.25,-3.5,45,0,2.75,-0.75,45,0,0,0,0,,1
786,-11,-6,155,0,-18,-6.25,45,0,0,0,0,,1
787,1,-3.75,165,0,-2,-6.75,110,0,0,0,0,,1
788,-0.75,-4.5,10,0,-1,-4.25,145,0,0,0,0,,2
789,8.5,-4.75,15,0,-12.25,-3,105,0,0,0,0,,3
790,-1.5,-5.5,85,0,0,-2,180,0,0,0,0,,4
791,13,-6.25,75,0,-2,-3,125,0,0,0,0,,5
792,0.75,-1,20,0,12,-5,80,0,0,0,1,,6
793,6.25,-5.5,80,0,-1,-6.75,35,0,0,0,1,,7
794,9.75,-0.5,70,0,-24,-3.25,115,1.25,3,0,0,,8
795,12.5,-2.5,155,0.0,1.75,-5.5,35,0.0,0,0,0,,1
796,-16.5,-5.75,145,0,12.25,-2.25,175,0,0,0,0,,10
797,5,-1.25,70,0,-8.5,-5,145,1.5,3,0,0,,11
798,-7.75,-6.75,90,0,-19,-6,85,0,0,1,0,,12
799,-0.75,-1.75,35,0,-4,-5,150,0,0,0,0,,13
800,12.5,-4.5,125,0,14,-0.75,40,0,0,0,0,,14
801,6,-4,80,0,-21,-0.75,65,0,0,0,0,,15
802,1.75,-6.5,180,0,-10,-3.75,15,0,0,0,0,,16
803,13.25,-3,100,1,-23.75,-3.25,50,0,3,0,0,,17
804,-2,-2.75,140,0,-22,-6,105,0,0,0,0,,18
805,-3,-6,170,0,5.75,-6.25,50,0,0,0,0,,19
806,0,-0.25,120,0,-17.75,-4,160,0,0,0,0,,20
807,-21,-4.75,110,0,-13.5,-4.5,45,0,0,0,0,,21
808,-4.75,-5.5,180,0,-17,-3.75,120,0,0,0,0,,22
809,3.25,-1.75,170,0,-20,-1.5,70,0,0,0,0,,23
810,-0.25,-0.25,110,0,-11,-1,180,0,0,1,1,,24
811,-23,-1,20,0,11.25,-5,50,0,0,0,0,,25
812,-7,-4,125,0,6,-5,55,1.75,1,0,0,,26
813,-22,-4.25,140,0,-21,-2.75,145,0,0,0,0,,27
814,-14.25,-3.75,80,0,-23,-6.5,145,0,0,0,0,,28
815,-6.5,-2.25,80,0,-7,-3,95,0,0,0,1,,29
816,5,-2.25,170,0,11.25,-3.75,20,0,0,0,0,,30
817,11,-2.5,145,0,-19,-5,10,0,0,0,1,,31
818,-17,-3.5,90,0,-4.25,-3.25,175,0,0,0,0,,32
819,6,-4,160,0,9,-2.5,75,0,0,0,0,,33
820,-8.5,-6,45,0,9.5,-0.25,30,0,0,0,0,,34
821,10.25,-0.75,150,1.25,-20,-0.25,145,0,3,0,1,,35
822,-21.5,-6.75,135,0,-16.75,-6.5,40,0,0,0,0,,36
823,-17,-6.75,35,0,12.75,-5.25,40,0,0,0,0,,37
824,3.25,-3.25,160,0,-21,-3,30,0,0,0,0,,38
825,-16.75,-2.25,5,0,14,-1,155,0,0,0,0,,39
826,-20.75,-3.75,80,0,4.25,-5.75,135,1,1,0,0,,40
827,-22,-5.5,135,0,-16,-1,120,0,0,0,0,,41
828,-9,-6.75,150,0,10.75,-3.75,160,0,0,0,0,,42
829,-22,0,40,0,11.25,-6,10,0,0,0,1,,43
830,-8.75,-5,170,0,-11,-4.25,95,0,0,0,0,,44
831,14.5,-2,80,0,-7.25,-6,75,0,0,1,0,,45
832,-19,-3.25,60,0,-4.25,-2,180,0,0,0,0,,46
833,-13.25,-1.75,35,0,-22,-4.25,170,0,0,1,0,,47
834,-15.25,-6,35,0,-24,-1.25,125,0,0,0,0,,48
835,-23.75,-2,180,0,3,-2.25,170,0,0,0,0,,49
836,-20.5,-1.25,155,0,-12.75,-1.75,135,0,0,1,0,,50
837,-25,-6.25,5,0,-16,-4.75,100,0,0,0,0,,51
838,1.25,-1.75,110,0,14.5,-1,40,0,0,0,0,,52
839,-3.25,-2.5,90,0,9.5,-1.5,65,0,0,0,0,,53
840,2,-6,10,0,-12.5,-5.75,120,0,0,0,1,,54
841,-22.25,-6.75,140,3,-14,-3.75,35,0,3,0,0,,55
842,14.25,-1.5,45,0,-25,-1,30,0,0,0,0,,56
843,2,-3,140,0,3,-3.25,100,0,0,0,0,,57
844,-9.5,-0.25,175,0.75,-7.75,-4.25,140,0,3,1,0,,58
845,-16.75,-1,65,0,-19.75,-1.75,35,0,0,0,0,,59
846,6,-6,180,0,15,-2,80,0,0,0,1,,60
847,-2,-0.75,175,0,-8.75,-5.75,145,0.75,2,0,0,,61
848,-16,-0.5,25,0,11.25,-4.5,100,0,0,0,0,,62
849,-10.75,-1.5,155,0,-23,-5.25,120,0,0,0,1,,63
850,4,-2.75,110,0,-17.5,-5,110,0,0,0,0,,64
851,3,-4,170,0,3,-4,25,0,0,0,0,,65
852,-7,-5,25,1.25,-13.75,-1.25,90,0,3,0,0,,66
853,-0.25,-2.75,45,0,11,-1.75,75,0,0,0,0,,67
854,-13.5,-0.25,100,0,-13,-6,40,0,0,0,1,,68
855,2.75,0,90,0,-11.5,-6,30,0,0,0,0,,69
856,-6.25,-1,125,0,5,-4.75,175,0,0,0,0,,70
857,7.75,-3.75,165,0,-2,-3.25,80,0,0,0,0,,71
858,-2.5,-2,135,0,-3.5,-4,25,3.5,1,0,0,,72
859,4,-4.5,35,0,-14,0,5,0,0,1,0,,73
860,-19.5,-5.75,5,0,2.5,-2,35,0,0,0,0,,74
861,2.25,-6,170,0,13.75,-2,130,0,0,0,0,,75
862,-8.5,-3.5,50,0,0.25,-3,120,0,0,0,0,,76
863,3.25,-6.5,90,0,-10,0,50,0,0,0,0,,77
864,3,0,125,0,-22.25,-4,5,0,0,0,0,,78
865,11.5,-5.5,120,0,7,-6.75,20,0,0,0,1,,79
866,-22.5,-5,100,0,-14.25,-0.25,125,0,0,0,0,,80
867,7.5,-4.25,110,0,-19.75,-0.25,115,0,0,0,1,,81
868,-10,-6.75,95,0,6,-0.25,140,0,0,0,0,,82
869,13.25,-4.25,15,0,-14.5,-6,100,0,0,0,0,,83
870,14.75,-3.75,65,0,-12.5,-5,125,0,0,0,0,,84
871,-16,-2.75,45,0,-2,-5,125,0,0,0,0,,85
872,6.5,-4,85,0,11,-3.5,15,0,0,0,0,,86
873,-5,-5.75,120,0,-19,-3.75,175,0,0,0,0,,87
874,1.25,-3.75,80,0,-14.75,-5.25,105,0,0,0,1,,88
875,-18,-1,150,0,11.5,-1.5,45,0,0,0,0,,89
876,-5,-1.5,180,0,3.25,-7,10,0,0,0,0,,90
877,-4.75,-4.25,20,0,-20.25,-3.75,125,0,0,0,0,,91
878,3.5,-0.5,120,0,-6,-3,65,0,0,0,0,,92
879,14.25,-6.5,155,0,12.5,-5,15,0,0,0,0,,93
880,-10.25,-3.75,100,0,-3,-6,170,0,0,0,0,,94
881,-22.75,-3,5,0,-6.25,-2.5,170,0,0,0,0,,95
882,-9.25,-0.25,125,0,13,-0.5,80,0,0,0,0,,96
883,-9.25,-1.25,40,0,-22.75,-1,155,0,0,0,0,,97
884,9.75,-6.5,80,0,14.75,-3,135,2.25,1,0,0,,98
885,10,-5,105,0,14,-2,55,0,0,0,0,,99
886,-21,-4.75,20,0,-21.25,-6,135,0,0,0,1,,100
887,14.5,-2.25,165,0,11,-3.25,15,0,0,0,0,,101
888,-0.5,-4,105,0,6.25,-1.75,115,0,0,0,0,,102
889,-8,-3,160,0,14,-4.5,90,0,0,0,0,,103
890,-15.75,-5,120,0,0.5,-5.75,15,0,0,0,0,,104
891,1.75,-5,45,0,-21,-2.5,10,0,0,0,0,,105
892,10.5,-5.25,100,0,-16.25,-6.75,60,0,0,0,1,,106
893,12,-2.25,120,0,-23,-0.75,165,0,0,1,0,,107
894,-10,-2.5,80,0,-2.25,-2,110,0,0,0,1,,108
895,-22.5,-2.75,100,0,-9.75,-1,20,0,0,0,0,,109
896,1,-5.25,135,0,-9.75,-4.25,130,0,0,0,0,,110
897,-2,-1.25,85,0,-18,-7,75,0,0,0,0,,111
898,1,-7,105,0,-23.5,-1.5,80,0,0,0,0,,112
899,9.25,-3.25,40,0,-16,-1.75,60,0,0,0,0,,113
900,-17,-5.25,130,0,-8,-1.25,120,0,0,0,0,,114
901,7,-5.75,35,0,-22,0,50,0,0,0,0,,115
902,14.5,-6.75,50,2.25,-13.75,-5,145,0,2,0,0,,116
903,-12.5,-2,100,0,9.75,-5.5,110,0,0,0,0,,117
904,-16.5,-1,150,0,-2,-6,55,0,0,0,1,,118
905,6,-3.25,155,0,-24.25,-6,115,0,0,0,1,,119
906,11.5,-4,45,0,-8,-1.75,65,0,0,0,0,,120
907,6.75,-1,125,0,-20.75,-4.75,180,0,0,0,0,,121
908,-23,-1,95,0,-14.75,-2,10,0,0,0,0,,122
909,-4,-4,100,0,10.5,-4.75,50,0,0,0,0,,123
910,-12,-4,25,2.75,14,-4.25,110,0,1,0,1,,124
911,14.5,-1.75,50,0,-18.75,-0.75,160,0,0,0,0,,125
912,-19,-1.5,155,0,-23,0,160,0,0,1,0,,126
913,10.75,-2,165,0,-10.25,-2,45,0,0,0,0,,127
914,-3.75,-6,65,0,2.75,-7,80,0,0,1,0,,128
915,-6.5,-1.25,165,0,-21.5,-3.25,35,0,0,0,0,,129
916,-13,-7,40,0,-24,-2,5,0,0,0,0,,130
917,-7.75,-0.5,30,0,-17.25,-6,55,0,0,0,0,,131
918,-24,-4.5,5,0,-11.25,-0.75,5,0,0,0,0,,132
919,-14.25,-3.5,145,0,-10.75,-5.5,90,0,0,0,0,,133
920,-8.75,-6.25,70,0,2.25,-7,160,0.75,3,0,0,,134
921,-15.75,-3,35,0,-11.75,-0.5,90,0,0,0,0,,135
922,-1.5,-3.75,45,0,-22.25,-3,10,0,0,0,1,,136
923,-20.25,-2.5,95,0,1.5,-5,50,0,0,0,0,,137
924,0.25,-2.25,125,0,10,-2.75,5,0,0,0,0,,138
925,-19,-5.75,105,0,14.5,-2,55,0,0,0,0,,139
926,12,-4,5,0,0.25,-0.25,35,0,0,0,0,,140
927,-18.25,-3,50,0,-17.25,-4.5,65,0,0,1,0,,141
928,8,-3,175,0,-10.25,0,145,0,0,0,0,,142
929,11,-7,65,0,-17.25,-1,20,0,0,0,1,,143
930,-14,-1,140,0,-8,-0.5,65,0,0,0,0,,144
931,-9.75,-0.75,135,0,4,-5,25,0,0,0,0,,145
932,-21,-6,90,0,-22.75,-2,160,0,0,0,0,,146
933,-22.75,-1.5,180,0,-8.75,-3.25,15,0,0,0,1,,147
934,-13,-4,155,0,-0.5,-5.75,20,0,0,0,0,,148
935,-19.25,-4,140,0,-12.25,-1.5,130,0,0,1,0,,149
936,11.75,-6,50,0,15,-1,115,1.5,2,0,0,,150
937,-7.5,0,135,0,8,-4.5,155,0,0,1,0,,151
938,-12,-3,50,0,-11.25,-5.75,25,0,0,0,0,,152
939,-5.5,-6.25,135,0,2.5,-5.25,65,0,0,1,0,,153
940,4.25,-2,180,0,-5,-2.5,65,0,0,0,0,,154
941,15,-4,55,0,-6.5,-1.5,70,0,0,0,0,,155
942,2.5,-2.75,45,0,2.75,-2.25,40,0,0,0,0,,156
943,9,-2.5,135,0,-18.25,-2.25,10,0,0,0,0,,157
944,6.5,-1,30,0,13.5,-4,70,0,0,0,0,,158
945,-10.5,-6.5,80,0,-13.5,-5.5,35,0,0,0,0,,159
946,2.5,-3,15,0,-18.75,-4,20,0,0,0,0,,160
947,-4.75,-3,70,0,-23,-3.75,15,0,0,0,0,,161
948,-5,-3,140,0,-5,-3.75,90,0,0,0,0,,162
949,6.25,-0.25,145,0,1.25,-5,70,0,0,0,0,,163
950,-16.25,-6,35,0,10,-0.5,90,0,0,0,0,,164
951,-5.5,-6.5,65,0,-18,0,170,0,0,0,0,,165
952,-18.25,-5,115,0,-13.25,-4.5,110,0,0,0,1,,166
953,-13.75,-6.25,170,0,-7.5,-4,130,0,0,0,0,,167
954,-1.25,-2.25,80,1.5,-21.5,-2.5,40,0,1,0,0,,168
955,-1,-0.25,125,0,-18.75,-4,180,0,0,0,0,,169
956,-21.25,-5.5,120,0,-15,-3.75,120,0,0,0,0,,170
957,8,0,145,0,-15.75,-5.75,105,0,0,0,0,,171
958,8.5,-5,120,0,13,0,105,0,0,0,1,,172
959,-24.5,-2,30,0,-7.25,-7,105,0,0,0,1,,173
960,-8,-4,110,0,-19.5,-2.5,90,0,0,0,0,,174
961,4,-4.5,35,0,-11,-5.5,155,0,0,0,0,,175
962,0.75,-2.75,150,0,-7.75,-3,85,0,0,0,0,,176
963,-25,-6.5,170,0,-5.25,-1,175,0,0,0,0,,177
964,10.25,-5.5,175,0,-23.75,-3.25,110,0,0,0,0,,178
965,-12.25,-4.25,45,0,-24,-2,175,0,0,0,0,,179
966,11.25,-6.75,45,0,8.5,-0.75,20,0,0,0,0,,180
967,-0.75,-6.25,40,0,-18.25,-3.5,30,0,0,0,0,,181
968,-3.75,-3.5,115,0,-21.25,-3.25,25,0,0,0,1,,182
969,-24.5,-5,110,0,-14,-4,145,0,0,0,0,,183
970,-5.5,-5,100,0,14,-5,90,0,0,0,0,,184
971,-13,-2,50,0,-20.5,-5.5,125,0,0,0,1,,185
972,-1.25,0,180,0,-19.25,-2,150,3,2,0,0,,186
973,-2.25,0,135,0,-8.75,-5.25,140,0,0,0,0,,187
974,9,-1.5,50,0,5.25,-3,130,0,0,0,0,,188
975,14,-6.25,145,0,-22,-5,45,0,0,0,0,,189
976,-0.25,-6.75,160,0,-2.5,-6.5,85,0,0,0,0,,190
977,4,-2,120,2.25,-8.5,-4,60,0,3,0,0,,191
978,1.75,-1,85,0,13,-1,10,0,0,0,0,,192
979,5,-6,20,0,-8,-2,115,0,0,0,1,,193
980,-0.75,-6.25,160,0,-7,-6,75,0,0,0,0,,194
981,7.75,-4.25,120,0,-5,-2,65,0,0,0,0,,195
982,-16,-4,180,0,-17.5,-1.75,105,0,0,1,0,,196
983,-17,-3,180,0,14.25,-7,35,0,0,0,0,,197
984,-20.75,-1,20,0,6.25,-0.75,145,0,0,0,0,,198
985,-12,-2,120,0,10,-2,40,0,0,0,0,,199
986,-19.5,-5,160,2,-8,-1,95,0,1,1,0,,200
987,-22.25,-0.25,65,0,-21.25,-2,115,0,0,0,1,,201
988,-25,-0.5,60,0,14.5,-3.75,140,0,0,0,0,,202
989,-24.5,-6.25,65,0,3.25,-5.75,80,0,0,0,0,,203
990,-15.25,-6,120,0,-6.75,-6,75,0,0,0,0,,204
991,-8,-3.5,170,0,-17.75,-1.5,150,0,0,0,0,,205
992,-2.75,-1.25,35,0,-1.25,-6.75,30,0,0,0,0,,206
993,-21,-0.25,70,0,5.5,-6,15,0,0,0,0,,207
994,-13,-3,5,0,-7.75,-6.25,80,0,0,0,0,,208
995,8,-5.75,165,0,-24.75,-1.25,150,0,0,0,0,,209
996,-23.5,-5.75,100,0,1.25,-2,80,0,0,0,0,,210
997,-14,-2,40,0,6.25,-3,115,0,0,0,1,,211
998,-3.75,-5,95,0,-16,-2.5,15,0,0,0,0,,212
999,-23.25,-6.25,45,0,-6.25,-3,95,0,0,0,1,,213
1000,-10,-2.5,80,0,7.5,-0.75,165,0,0,0,0,,214
1001,-1,-3,165,0,-20,-0.5,5,0,0,0,1,,215
1002,-16.75,-2.25,35,0,-4,-4,50,0,0,1,0,,216
1003,-10,-1,165,0,9,-4,25,0,0,0,0,,217
1004,-17.5,-2.25,140,0,-7,-6.75,90,0,0,0,0,,218
1005,-24.75,-3,140,0,12.5,-3.5,30,0,0,0,0,,219
1006,-5,-5,95,0,2,-2,20,0,0,0,0,,220
1007,14.75,-1.5,175,0,-22.75,-2.5,115,0,0,0,0,,221
1008,5.5,-1.5,5,0,-10.5,-6.25,110,0,0,0,0,,222
1009,6,-2.75,120,0,-23,-3.5,130,1.75,1,0,0,,223
1010,4.5,-4,105,0,-20.25,-0.75,75,0,0,0,0,,224
1011,-12,-5,90,0,12,-3.75,65,0,0,0,0,,225
1012,-20.5,-2,125,0,-23,-1,45,0,0,0,1,,226
1013,-6.75,-1,35,0,-6.75,-2.75,150,0,0,0,0,,227
1014,1,-5.5,50,0,-11.5,-5,145,0,0,0,1,,228
1015,-6.25,-1.25,155,0,-24.5,-6.5,60,0,0,0,0,,229
1016,-13.5,-6,135,0,-11.5,-1.75,15,0,0,0,0,,230
1017,1.25,-0.25,90,0,-18,-3.75,60,0,0,1,0,,231
1018,3,-3.25,175,0,-16,-1,115,0,0,0,0,,232
1019,-4.5,-6.25,15,0,-12.25,-2.75,75,0,0,0,0,,233
1020,-19.75,-5.5,145,0,5,-6.75,110,0,0,0,0,,234
1021,-20,-5,180,0,-19.5,-0.25,150,0,0,0,0,,235
1022,10.75,-0.25,35,0,-14.75,-6.25,115,0,0,0,0,,236
1023,-23.5,-5.5,60,0,-3,-5,10,0,0,0,0,,237
1024,-15,-5,40,0,-12,-6.5,135,0,0,1,0,,238
1025,2.5,-1.25,175,0,14,-4.25,160,0,0,1,0,,239
1026,-6,-0.5,30,0,-20.25,-6.75,130,0,0,0,0,,240
1027,-24,-6.25,35,0,-17.25,-5.75,140,0,0,1,0,,241
1028,0.75,-4,115,3.25,-2.25,-7,165,0,1,0,0,,242
1029,-18,-2,45,0,-3.5,-2,120,0,0,0,0,,243
1030,9,-6,115,0,10.25,-2,160,0,0,0,0,,244
1031,-4.75,-1,105,0,-20.25,-4.75,50,0,0,1,1,,245
1032,7.25,-1,100,0,2,-2.75,165,0,0,0,1,,246
1033,15,-2.5,175,0,-20.75,-4.75,125,2.25,1,0,0,,247
1034,12.5,-4.25,155,0,14.5,-0.25,35,0,0,0,1,,248
1035,13.75,-4.75,50,0,9.25,-1.75,130,0,0,0,0,,249
1036,-19,-2,140,0,-8,-1.25,150,0,0,1,0,,250
1037,-24,-1,145,0,1.5,-5,105,0,0,1,0,,251
1038,0,-1.75,55,0,2.75,-3,15,0,0,0,0,,252
1039,-23,-5.5,50,0,-22.75,-3,10,0,0,0,0,,253
1040,-3.75,-6,170,0,-18.25,-2.25,100,0.75,1,0,0,,254
1041,-10.75,-6,75,0,-8.75,-5.75,115,0,0,0,0,,255
1042,10.75,-2,165,0,-10,-0.25,90,0,0,0,0,,256
1043,-22.5,-4.75,180,0,7.75,-0.5,15,0,0,0,0,,257
1044,-20,-4,65,0,-11,-5.5,45,0,0,0,0,,258
1045,6.75,-3,135,0,2,-1,165,0,0,0,0,,259
1046,-24.25,-2.75,45,0,-6.75,-5.25,90,0,0,0,0,,260
1047,-20.75,-5.75,50,0,1,-1.75,65,0,0,0,0,,261
1048,-16,-3.25,135,0,-4.5,-6,125,0,0,0,0,,262
1049,8,-0.25,50,0,-3.75,-4,130,3,3,0,0,,263
1050,10.5,-3.75,75,3.25,-5.75,-3,75,0,3,0,0,,264
1051,-7.25,-4.75,100,2,8,-1.75,15,0,2,0,0,,265
1052,-12.25,-4,110,0,2.25,-1,155,0,0,0,0,,266
1053,-11,-3,115,0,-3.75,-1,120,0,0,0,0,,267
1054,-15.75,-5,160,0,-14,-5.75,10,0,0,1,0,,268
1055,-24,-2.25,140,0,-19,-2,20,0,0,0,1,,269
1056,-2.75,-3.25,40,0,5.75,-5.25,105,0,0,0,0,,270
1057,-22.5,-3,115,0,12,-1,125,0,0,0,0,,271
1058,-16,-5.5,55,1.25,-5.75,0,75,0,3,0,0,,272
1059,-8.5,-5,30,0,-25,-5.25,130,0,0,0,0,,273
1060,10.5,-3,170,0,7.75,-0.25,140,0,0,0,1,,274
1061,-6,-4,95,0,-23.25,-1.25,75,0,0,0,0,,275
1062,-13.5,-6,30,1.75,-11.75,-5.75,110,0,2,0,0,,276
1063,-16.5,-6.25,110,0,-16.25,-2,40,0,0,0,1,,277
1064,-6.25,-2.5,95,1.5,2,-1.75,105,0,1,0,0,,278
1065,-22,-0.5,5,0,-13.75,-4.75,135,0,0,0,0,,279
1066,2.25,-7,90,0,-13.75,-0.75,155,0,0,0,0,,280
1067,-18,-3.5,55,0,-14.25,-4.25,75,0,0,0,0,,281
1068,-8,-3.5,110,0,14.75,-6.5,140,0,0,0,0,,282
1069,-17.75,-6.75,160,0,12,-6,110,0,0,0,0,,283
1070,-3.25,-2.75,125,0,-23.25,-4,15,0,0,0,0,,284
1071,-8.5,-3.5,90,0,-2.75,-5.5,60,0,0,0,0,,285
1072,12.5,-2.75,125,0,-15,-2,130,0,0,0,0,,286
1073,-21.25,-5,25,0,-17,-5,65,0,0,0,0,,287
1074,14,-5.75,55,0,12.5,-4.5,145,0.25,3,0,0,,288
1075,9.75,-6,60,0,0.5,-1,145,0,0,0,0,,289
1076,10.5,-1.25,170,0,9.25,-5,145,0,0,0,0,,290
1077,-24.5,-2,180,0,-5,-5.25,25,0,0,1,0,,291
1078,-21.25,-3.25,120,0,-7,-0.25,35,0,0,0,0,,292
1079,14.5,-1,110,0,7,-5,135,0,0,0,0,,293
1080,-2.5,-2.5,50,0,-8.25,-6.5,40,0,0,1,0,,294
1081,-13.25,-5.75,5,0,-7,-3,100,0,0,0,0,,295
1082,-2.25,-1.75,110,0,-10,-6.5,105,0,0,0,0,,296
1083,-8,-1.75,115,0,-21,-3.25,40,0,0,0,0,,297
1084,-9,-1.5,90,0,-6,-6.5,155,0,0,0,0,,298
1085,13,-6,165,0,-7,-4,70,0,0,0,0,,299
1086,-19.75,-4,175,0,7,-5.75,135,0,0,0,0,,300
1087,7.5,-1.25,135,0,13.5,-2.5,145,0,0,0,1,,301
1088,-2.5,-3.75,145,0,14.25,-6.25,95,0,0,0,0,,302
1089,-10.25,0,25,0,13.5,-0.5,45,0,0,0,0,,303
1090,14,-1.5,75,0,-23.5,-0.75,20,0,0,0,1,,304
1091,-6.75,0,35,0,-17.25,-1,130,0,0,0,0,,305
1092,13.75,-1,75,0,11.5,-7,125,0,0,0,0,,306
1093,-0.75,-6.5,80,0,-5.75,0,160,0,0,0,0,,307
1094,-16,-5.75,180,0,-3,-5,85,0,0,0,0,,308
1095,2.75,-2.75,30,0,-3.5,-4.25,80,0,0,0,1,,309
1096,-0.75,-4,165,0,7.25,-2.25,180,0,0,1,0,,310
1097,13,-2.25,85,0,0,-6,5,0,0,1,0,,311
1098,-15,-1.25,75,0,-20.75,-1,80,0,0,0,0,,312
1099,14,-1,40,0,14.75,-5.75,110,0,0,0,0,,313
1100,8.75,-3.5,80,0,-10.25,-2,90,0,0,0,0,,314
1101,-9,-5.75,75,0,3.75,-2.25,5,0,0,0,0,,315
1102,10,-1,125,0,-19.25,-4,115,0,0,0,0,,316
1103,-18.25,-3,80,0,14,-2,5,0,0,0,0,,317
1104,-3,-5.5,15,0,6,-3.5,120,0,0,0,0,,318
1105,-8,-5.75,130,3,2.5,-2,45,0,3,0,0,,319
1106,-5.5,-3.5,180,0,10.25,-2,5,0,0,0,0,,320
1107,14,-4,170,0,-8,-6.75,65,0,0,0,0,,321
1108,-10,-4.5,80,0,-14.5,-1.75,55,0,0,0,0,,322
1109,-3,-1,175,0,-0.25,-0.25,180,0,0,0,0,,323
1110,-2.5,-2.25,110,0,12,-3,165,0,0,0,0,,324
1111,-5.5,-0.5,25,0,13,-5.25,170,0,0,0,0,,325
1112,-21.5,-6.5,125,0,4.25,-5.75,125,0,0,0,1,,326
1113,-4.5,-2,75,0,-4.5,-6.25,100,0,0,0,1,,327
1114,-20.5,-1,165,0,-2.25,-3,90,0,0,0,0,,328
1115,13.25,-1.25,175,0,-1.5,-5,10,0,0,0,0,,329
1116,-17.5,-4,90,0,-14.25,-4.75,75,0,0,0,0,,330
1117,11,-1.5,35,0,-11,-2,130,0,0,0,0,,331
1118,9.75,-3.25,45,0,10.75,0,15,0,0,0,0,,332
1119,13,-1,5,0,-17,-5.5,100,0,0,0,0,,333
1120,13.5,-4,170,0,-13.5,-2.5,150,0,0,0,0,,334
1121,-21.5,-1.75,160,0,-8,-5,155,1,2,0,0,,335
1122,3.25,-2.25,30,0,-8.75,-2.5,80,0,0,0,0,,336
1123,-22.75,-4.75,150,0,2,-2,55,0,0,0,0,,337
1124,-9.75,-0.75,135,0,8,-4,80,0,0,0,0,,338
1125,13.25,-2,170,0,-12.5,-3,120,0,0,0,0,,339
1126,-15,-2.5,35,0,-22,-4.25,10,0,0,0,0,,340
1127,-20.5,-2,120,0,-12,-6,170,0,0,0,1,,341
1128,-9,-2.75,110,0,10,-6,25,0,0,0,0,,342
1129,-11,-2,170,0,7.75,-1.75,130,3.5,3,0,0,,343
1130,14,-2.25,85,0,0.75,-4,180,0,0,0,0,,344
1131,-12,-4.5,5,0,-1.25,-2.25,125,0,0,0,0,,345
1132,4,-4.75,135,0,-10.75,-1.25,30,3,2,0,0,,346
1133,6.75,-3.5,65,0,-11,-4.75,125,0,0,0,0,,347
1134,-6,-6.5,100,0,0.25,-2,165,0,0,1,0,,348
1135,-2,-4,145,0,13.25,-0.5,40,0,0,0,1,,349
1136,13.25,-6,90,0,-23,-2.75,80,2.5,3,0,0,,350
1137,-24,-1.75,90,0,-17.75,-5,65,0,0,0,0,,351
1138,-4.5,-6.5,175,0,-1,-4.25,90,0,0,0,0,,352
1139,10.5,-1,35,0,7.5,-1.75,35,0,0,1,0,,353
1140,-4,-1.5,170,0.25,0,-5,95,0,3,0,0,,354
1141,5.25,-6,145,0,-10.25,-0.25,25,0,0,0,0,,355
1142,10.5,-5,5,0,-25,-4.75,20,0,0,0,0,,356
1143,-5,-5.5,45,0,-2.75,-2,135,0,0,0,1,,357
1144,13.75,-2.75,120,0,-3,-4.25,90,0,0,1,0,,358
1145,6,-4.25,180,0,11,-0.75,180,0,0,0,0,,359
1146,-11.5,-5.25,160,0,5,-3,30,0,0,0,0,,360
1147,-7.75,-1.75,60,0,-16,-6,180,2.5,3,0,0,,361
1148,0,-6,150,0,-22.25,-4,90,0,0,0,1,,362
1149,11,-1,100,0,5,-3.25,10,0,0,0,0,,363
1150,-3.5,-2.5,160,0,15,-1.75,25,0,0,0,1,,364
1151,-23.5,0,55,0,-7,-0.75,125,0,0,0,1,,365
1152,-19,-2.5,130,0,6,-5,155,2,2,0,0,,366
1153,10.75,-6.25,160,0,-13,-5.75,30,0,0,0,0,,367
1154,9.75,-6.75,105,0,12.25,-2,35,0,0,0,0,,368
1155,-25,-5.25,165,0,-17,-6.75,175,0,0,0,0,,369
1156,-6.75,-4,110,0,-13.5,-4.75,150,0,0,0,0,,370
1157,-20.75,-5,160,0,-3.5,-1.25,90,0,0,0,0,,371
1158,1,-3.75,125,0,2,-3.5,55,0,0,0,0,,372
1159,8.25,-3.25,95,0,9.25,-3.25,50,0,0,0,1,,373
1160,4,0,25,0,-2.75,-5.5,125,0,0,0,0,,374
1161,-11.5,-1.25,35,0,5.5,-0.75,95,0,0,0,0,,375
1162,-19,-4.5,105,0,-10.25,-5.75,105,0,0,0,0,,376
1163,-16.5,-5.75,40,0.5,-6.5,-1,70,0,1,0,0,,377
1164,8.75,-3.5,90,0,8.5,-0.25,180,0,0,0,0,,378
1165,-4,-4.25,100,0,14.75,-1.5,170,0,0,0,0,,379
1166,-10,-5,80,0,6,-4.25,10,0,0,0,1,,380
1167,5.25,-7,20,0,7,-0.5,70,0,0,0,0,,381
1168,-11,-1.5,140,0,15,-3.5,55,0,0,0,0,,382
1169,7,-6,95,0,-20,-2.5,130,0,0,1,0,,383
1170,5,0,40,0,-4,-3.75,30,0,0,0,0,,384
1171,3.25,-0.75,75,0,-9.5,-1.75,85,0,0,0,0,,385
1172,-15,-2,110,0,-4.5,-5.75,10,0,0,0,0,,386
1173,-17.75,-3.5,50,0,14,0,25,0,0,0,0,,387
1174,-7.75,-6.5,170,0,-1.5,-3,170,0,0,0,0,,388
1175,-4.25,-2.5,30,0,9.5,-4,5,0,0,0,0,,389
1176,-5.5,-0.25,115,0,-1.25,-2.75,80,0,0,0,1,,390
1177,-13.5,-4.75,135,0,7.25,-7,140,0,0,0,0,,391
1178,-9.5,-3,120,0,-11.75,-0.25,80,0,0,0,1,,392
1179,-24.5,-2,10,0,7.25,-2,55,0,0,0,0,,393
1180,-9,-6.25,125,0,-13.25,-2.5,120,0,0,0,1,,394
1181,-5,0,80,0,-12.5,-6.75,25,0,0,0,0,,395
1182,0,-0.75,160,0,4,-2,50,0,0,0,0,,396
1183,-6.25,-2.25,10,0,-16.25,-5,75,0,0,1,0,,397
1184,-2.25,-1.5,95,0,-15,-1,60,3,1,0,0,,398
1185,-17,-4.75,10,0,13,-0.25,85,0,0,0,0,,399
1186,7,0,130,0,-15,-2,15,0,0,1,0,,400
1187,8.5,-6,25,0,-8,-4,15,0,0,0,0,,401
1188,-23.5,0,180,0,-2,-3.25,120,0,0,0,0,,402
1189,-16.75,0,50,0,-1.25,-1,95,0,0,0,0,,403
1190,-2.75,-7,55,0,-9.75,-3.25,80,0,0,1,0,,404
1191,-18.25,-6.75,95,0,-7.75,-4,120,0,0,0,0,,405
1192,8,-0.75,55,0,-3,-5,15,0,0,0,0,,406
1193,-3,-4,180,0,-18,-4,155,0,0,0,0,,407
1194,-9,-4,165,0,-7.25,-2.5,45,0,0,0,0,,408
1195,-14.5,-1,165,0,-21.75,-2.25,170,0,0,0,0,,409
1196,-9.5,-5,90,0,-16.75,-2.25,35,0,0,0,1,,410
1197,-8.25,-5.5,100,0,-9.75,-4.5,100,0,0,0,0,,411
1198,-7.5,-3.5,10,0,-21.75,-2.75,80,0,0,0,0,,412
1199,-6.5,-7,60,0,-22.25,-5.25,155,0,0,0,0,,413
1200,2,-6,175,0,-6.25,-3.25,175,0,0,0,1,,414
1201,-11,-4.75,65,0,-3.75,-3.75,170,0,0,1,0,,415
1202,7,-5.5,80,0,-2,-6.75,100,0,0,0,1,,416
1203,4.75,-3.75,160,0,-14,-0.75,20,0,0,0,0,,417
1204,5.25,-4.75,55,0,6.75,-0.5,180,0,0,0,0,,418
1205,-23,-2.25,140,0,8.25,-2,170,0,0,0,0,,419
1206,-2,-3,135,0,13.75,-5,25,0,0,0,0,,420
1207,-18,-0.5,175,0,5.25,-4,75,0,0,1,1,,421
1208,11,-5.25,35,0,-4.75,-4,160,0,0,1,0,,422
1209,-10.5,-3.5,175,0,14.75,-2,180,1.25,2,0,0,,423
1210,0,-1.5,10,0,14.5,-2,80,0,0,0,1,,424
1211,-10,-5,160,0,-8,-3,120,1.75,2,0,0,,425
1212,-21.25,-2,70,0,-13.25,-6.5,130,0,0,0,0,,426
1213,8.5,-6.75,170,0,13,-6,155,0,0,0,0,,427
1214,-22,-3.25,180,0,-20.5,-3,165,1.75,2,0,0,,428
1215,-2.25,-2.5,115,0,-5,-6.25,75,0,0,0,0,,429
1216,-12.5,-3,80,0,-20.25,-2,40,0,0,0,1,,430
1217,-24.75,-3.75,125,0,-12,-5,25,0,0,0,0,,431
1218,-1,-5,160,0,9.25,-4,135,0,0,0,1,,432
1219,-11.75,-2.75,120,0,-17.5,-3,85,0,0,0,0,,433
1220,-8.5,-6,75,0,8.75,-3.75,115,0,0,0,0,,434
1221,-19,-7,100,0,-5.25,-5.25,150,0,0,0,0,,435
1222,-8,-1,135,0,-23.75,-5.5,15,0,0,0,1,,436
1223,11.5,-3,150,0,-22.5,-3.25,70,0,0,0,1,,437
1224,-19.75,-6.75,115,0,4,-3.5,130,0,0,0,0,,438
1225,-2.25,-5.25,25,0,-1,-7,70,0,0,0,1,,439
1226,-8,-5.5,135,0,6.75,-2.5,45,0,0,0,0,,440
1227,6.5,-5.25,90,0,11,-2,150,0,0,0,1,,441
1228,-15,-6.5,40,0,12.5,-2,95,0,0,0,0,,442
1229,-6.25,-5.25,175,0,-23,-2.25,160,0,0,0,0,,443
1230,-14.25,-4,155,0,-3.25,-1.5,20,0,0,0,0,,444
1231,-6.25,-6.25,110,0,-2.75,-1.25,150,0,0,0,0,,445
1232,-1.5,-4.25,140,0,3.25,-7,120,2.5,1,0,0,,446
1233,11.5,-4.5,130,0,-0.75,-1,10,0,0,0,0,,447
1234,1.75,-1.25,95,0,2,-0.75,130,0,0,0,0,,448
1235,-17,0,135,0,-4,-3.75,150,0,0,0,0,,449
1236,11.75,-5.25,65,0,-3,-6.75,75,0,0,0,0,,450
1237,1.25,-4.5,90,0,-17,-2,65,0,0,0,0,,451
1238,-3.75,-1.25,175,0,-19.25,-4.25,20,0,0,0,1,,452
1239,-23,-4.25,15,0,3,-0.75,15,1.25,2,0,0,,453
1240,9.25,-0.5,160,0,-20.75,-6.5,50,0,0,0,0,,454
1241,-2,-1.25,55,0,-14,-5.75,120,0,0,0,0,,455
1242,-21.5,-1,175,0,-25,-6.75,20,0,0,0,0,,456
1243,-14.25,0,155,0,-2.75,-6,155,0,0,0,0,,457
1244,-17,-0.25,65,0,3,-4.75,135,0,0,0,0,,458
1245,14.25,0,30,0,-11,-4.75,180,0,0,0,0,,459
1246,14,-6,175,0,-18.25,-3.5,50,0,0,0,0,,460
1247,13.75,-2.25,175,0,0.5,-4,45,0,0,0,0,,461
1248,-13.5,-7,35,0,-20,-3.5,65,0,0,0,0,,462
1249,-2.75,-0.75,55,0,-18,-1,145,0,0,0,0,,463
1250,-9,-2,165,0,4.25,-5,80,0,0,0,0,,464
1251,-8.75,-5,25,0,8,-0.25,105,0,0,0,0,,465
1252,3,-4,155,0,10,-6,105,0,0,0,1,,466
1253,-15,-0.75,75,0,-12.5,-4,105,0,0,0,0,,467
1254,6,0,70,0,-20.5,-2,120,0,0,0,0,,468
1255,-3.5,-1,50,0,-3.5,-1,35,0,0,1,0,,469
1256,2.25,-2.25,70,0,-5,-2,40,0,0,0,1,,470
1257,-4,-0.5,45,0,3,-1.5,160,0,0,0,0,,471
1258,-9.25,-5,50,0.75,-17,-4,25,0,1,0,0,,472
1259,9.5,0,65,0,4.5,-1.5,75,0,0,0,0,,473
1260,-20.75,-6,55,0,-2,-1.5,25,0,0,0,0,,474
1261,-25,-6.25,115,0,7,-5.5,80,0,0,1,0,,475
1262,-3.5,-6,170,0,-1,0,90,0,0,0,1,,476
1263,1.25,-5.25,110,0,-5.25,-7,140,0.25,1,0,0,,477
1264,-17,-2.5,50,0,-12,-3,10,0,0,0,0,,478
1265,13.75,0,65,0,10,-0.25,110,0,0,0,1,,479
1266,-18,-1.75,135,0,-7,-1.5,120,0,0,0,0,,480
1267,-9,-0.25,55,0,-13.75,-4.5,35,0,0,0,0,,481
1268,2.5,-5,70,0,-9.75,-4.75,35,0,0,0,0,,482
1269,14,-4.75,55,0,13.25,-5.25,100,0,0,0,0,,483
1270,-3,-3.75,20,0,8.25,-2.25,90,0,0,0,0,,484
1271,-19,-6.25,110,0,-24.5,0,15,0,0,0,0,,485
1272,-5.25,-7,35,0,11,-1.25,125,0,0,0,1,,486
1273,12.5,-4.25,45,0,-19.75,-5,80,0,0,0,0,,487
1274,-2,-2,60,0,-10.25,-6.25,130,0,0,0,0,,488
1275,5,-2.25,50,0,10,-3,145,0,0,0,0,,489
1276,-7.75,-0.5,100,0,5.25,-2.5,170,0,0,0,1,,490
1277,2.75,-4,125,0,5.25,-3,10,0,0,0,0,,491
1278,-18,-3.5,125,0,9.5,-0.5,110,0,0,0,0,,492
1279,1.5,-5.5,55,0,7,-0.25,160,0,0,0,0,,493
1280,8,-0.25,90,0,4,-4,65,0,0,1,0,,494
1281,-23,-3,150,0,-7.75,-3.5,60,0,0,0,0,,495
1282,-13.75,-6.5,20,0,-20.5,-2,65,0,0,0,0,,496
1283,0.25,-3.75,10,0,-19.5,-6.5,170,0,0,0,0,,497
1284,-12.5,-6.75,125,0,10.5,-5,65,0,0,0,0,,498
1285,-18,-3.75,80,0,14.25,-3.25,115,0,0,0,0,,499
1286,-14.25,-2.5,105,0,12.5,-6.25,110,0,0,0,1,,500
1287,0,-4,130,0,3.25,-1.25,80,0,0,0,0,,501
1288,-7,-6.75,80,0,12,-2.75,120,0,0,0,0,,502
1289,-13,-6.25,5,0,5.75,-6.75,20,0,0,0,0,,503
1290,-1.25,-1.5,80,0,7.25,-6.25,90,0,0,0,0,,504
1291,-15.75,-1.75,60,0,-16.75,-3.5,20,0,0,0,0,,505
1292,11.25,-5.5,30,0,8,-1,30,1.5,1,0,0,,506
1293,9,-5.5,25,0,-19.5,-6.75,155,0,0,0,0,,507
1294,9.75,-1,95,0,-13,-2.25,10,0,0,0,0,,508
1295,-10.75,-1.75,135,0,7.75,-6.25,55,0,0,1,0,,509
1296,5.5,-5,145,0,8,-1.5,145,0,0,0,1,,510
1297,-3,-0.25,50,0,9,-6.25,35,0,0,0,0,,511
1298,2.25,-4.75,55,0,12.5,-2.5,50,0,0,0,0,,512
1299,-12.75,-4,60,0,8,-2.5,135,0,0,0,0,,513
1300,-23.75,-6,60,0,1.5,-1.5,70,0,0,0,1,,514
1301,2,-0.25,130,0,-17.75,-4.25,105,0,0,0,1,,515
1302,-15,-1,80,0,12,-6,20,0,0,0,1,,516
1303,-2.5,-3.5,45,0.25,-14.5,-4.5,110,0,2,0,0,,517
1304,1,-3.5,180,0,-21.5,-1,25,2.5,1,0,0,,518
1305,13.25,-1,15,0,9,-0.5,105,0,0,0,0,,519
1306,-20.5,-6,45,0,11,-4.5,110,0,0,0,0,,520
1307,-12.25,-6.75,95,0,-24.75,-0.5,135,0,0,0,0,,521
1308,-21.5,-3,135,0,8.75,-2.25,25,0,0,0,1,,522
1309,-13.75,-4.5,150,0,8,-4.5,85,0,0,1,0,,523
1310,-16,-6.25,145,0,6.5,-5.5,60,0,0,0,0,,524
1311,-19,-2.75,150,0,12,-3.5,175,0,0,0,0,,525
1312,-3.75,-1.5,125,0,-21.75,-6,10,0,0,0,0,,526
1313,2.5,-5.5,170,0,-13.25,-2,40,0,0,0,0,,527
1314,8.75,-4,45,0,11,-1.5,15,0,0,0,0,,528
1315,10,-4,135,0,-20.75,-5.25,125,0,0,1,0,,529
1316,-22,-2,70,0,12.75,-2.75,110,0,0,0,0,,530
1317,-18.75,-4,65,0,4.25,-1.75,60,0,0,0,0,,531
1318,-9,-5.5,155,0,-5,-6.75,40,0,0,0,0,,532
1319,-10,-3.75,175,0,14.25,-1.75,30,0,0,0,0,,533
1320,-21.25,-1,110,0,2.25,-2.5,145,0,0,0,0,,534
1321,-4,-6,170,0,-3.25,-1,110,0,0,0,0,,535
1322,-3.75,-7,45,0,5.75,-1.25,135,0,0,0,1,,536
1323,-13.25,-4.75,155,0,-21.5,-4,120,0,0,0,0,,537
1324,-4,-6,160,0,-23.75,-1.5,175,0,0,0,1,,538
1325,-21,-0.5,65,0,-12.75,-3.25,135,0,0,0,0,,539
1326,-20.5,-1,25,0,-10.5,-4.5,130,0,0,0,0,,540
1327,13,-0.75,130,0,-20,-3.25,170,0,0,0,0,,541
1328,3,0,115,0,-12.75,-6,75,0,0,0,1,,542
1329,-3.5,-1.25,10,1.5,-22.5,-0.75,90,0,1,0,1,,543
1330,-18.75,-0.25,95,0,6.75,-2,105,0,0,0,1,,544
1331,1,-3.75,90,0,5,-4.5,165,0,0,0,0,,545
1332,2,-5,90,0,-21,-2.5,180,3,3,0,0,,546
1333,5,-6.25,25,0,-1,-2.75,35,0,0,0,0,,547
1334,-7.5,-6,70,0,-14.25,-5.75,125,0,0,0,1,,548
1335,10,-6,40,0,0,-3,155,0,0,0,0,,549
1336,-14,-2,90,0,10.75,-5,115,0,0,0,0,,550
1337,11.75,-7,135,0,-19,-6.75,40,0,0,0,0,,551
1338,4.25,-6,115,0,-17,-1.75,115,0,0,1,0,,552
1339,8.75,-6,80,0,13,-1,125,0,0,0,0,,553
1340,-19.25,-3.75,85,0,-21,-3.25,85,0,0,0,0,,554
1341,12.5,-6.25,90,0,8.75,-6,20,0,0,0,0,,555
1342,12.5,-6.25,180,0,-2,-6.75,80,0,0,1,0,,556
1343,6.75,-6.5,180,0,5,-6.5,160,0,0,0,0,,557
1344,-14,-4.25,165,0,-22.75,-3.5,50,0,0,0,0,,558
1345,6.75,-4.25,90,0,-19.75,-7,95,0,0,0,0,,559
1346,-1.5,-5,100,0,12,-3.25,55,0,0,1,0,,560
1347,15,-1,145,0,8,-3,100,2.75,2,0,0,,561
1348,7.75,-3,140,0,-6.25,-7,135,0,0,0,0,,562
1349,-7.75,-4,120,0,-24,-6,140,0,0,0,0,,563
1350,-10,-5.75,10,0,-3.75,-4.25,70,0,0,0,1,,564
1351,-7,-5,135,0,-21.5,-5,55,0,0,0,0,,565
1352,5.5,-3.25,70,0,-12.25,-6.25,50,0,0,0,0,,566
1353,-16.5,-3.75,155,0,13,-5,180,0,0,0,0,,567
1354,-18,-1.5,85,0,2,-6.75,160,0,0,0,0,,568
1355,3,-3.75,45,0,-19.75,-1,5,0,0,0,0,,569
1356,13.5,0,30,0,-21.75,-4,55,0,0,0,0,,570
1357,1.25,-0.25,180,0,-21,-5.25,10,0,0,0,0,,571
1358,-22.25,-4,35,0,-23.5,-1,55,0,0,0,1,,572
1359,-14.25,-0.25,20,0,-22.25,-5.75,25,0,0,0,0,,573
1360,12.25,0,45,0,-17.75,-5,155,0,0,0,0,,574
1361,-7.5,-3,105,0,-17,-3.5,165,0,0,0,0,,575
1362,-9.25,-1.5,180,0,-1.5,-5.25,55,0,0,1,0,,576
1363,-10.75,-5.25,35,0,7.25,-6,55,0,0,0,0,,577
1364,-13.25,-2.75,45,0,-2.75,-2.25,180,0,0,0,0,,578
1365,5.5,-7,125,0,-1,-2,175,0,0,0,1,,579
1366,-5.25,-2,105,0,3,-3,50,0,0,0,0,,580
1367,0,-2.5,25,0,10,-6.25,125,2.5,2,0,0,,581
1368,0.5,-3.5,95,0,-20.5,-4,95,0,0,0,0,,582
1369,4,-6.5,105,0,-13,-6.25,165,0,0,0,0,,583
1370,-7.25,-2.75,85,0,9,-1,125,0,0,0,0,,584
1371,-2,-1.5,15,0,-12,-6,160,0,0,1,0,,585
1372,4.5,-7,65,0,-6,-4,5,1,1,0,0,,586
1373,-19.5,-1.25,130,0,-23.75,-6.75,85,0,0,0,0,,587
1374,3.25,-2.5,30,0,-17.75,-1,135,0,0,0,1,,588
1375,-14,-4.75,35,0,-4,-4,15,0,0,0,0,,589
1376,5.5,-2,180,0,13,-5.25,5,0,0,0,0,,590
1377,-14,-3.5,85,0,-24.5,-3,135,0,0,0,1,,591
1378,4.25,-0.5,105,0,9.5,-4,95,0,0,0,0,,592
1379,3,-3,25,0,-16.5,-2.5,35,0,0,0,0,,593
1380,7.25,-2,130,0,5.75,-3.5,55,0,0,0,0,,594
1381,6.75,-6,20,0,3,-3,35,0,0,1,0,,595
1382,14.25,-3.25,70,0,13.75,-6,165,0,0,1,0,,596
1383,-17.75,-3,10,0,-13.75,-4.75,75,0,0,0,0,,597
1384,4.25,-6.25,45,0,-0.25,-5.75,65,0,0,0,1,,598
1385,-15,0,175,0,-24.75,-4.75,175,0,0,0,0,,599
1386,6.5,-7,65,0,-14.5,-0.5,150,0,0,0,0,,600
1387,-3.5,-1.25,10,0,-22,-6.25,40,0,0,0,0,,601
1388,-22.25,-2.25,30,0,7.25,-3.75,35,0,0,0,1,,602
1389,12.25,-5,40,0,-10,-5.75,180,0,0,0,0,,603
1390,2,-5.25,80,0,13.25,-2,40,0,0,0,0,,604
1391,-24.5,-0.25,140,0,-24.75,-3.5,155,0,0,0,1,,605
1392,-12,-3.75,35,0,-9,-6,35,0,0,0,0,,606
1393,-19.25,-2,55,0,-7.5,-1.5,60,0,0,1,0,,607
1394,4,-5.75,10,0,-19.5,-4.75,70,1.5,1,0,0,,608
1395,-3,-5.25,170,1,-3.75,-2,145,0,3,1,0,,609
1396,-4.25,-6.25,30,0,-24.75,-5.25,55,0,0,0,1,,610
1397,-18.25,-5.5,135,0,9,-5,5,0,0,0,0,,611
1398,-2,-5,45,0.75,-14.75,-5,135,0,2,0,0,,612
1399,7,-4.75,40,0,-4,-1.5,120,0,0,0,1,,613
1400,8.25,-2.75,135,0,14.5,-1,40,0,0,1,0,,614
1401,-12.25,-3,150,0,8,-2,120,0,0,0,0,,615
1402,-4,-5,65,0,-9.75,-6.25,125,0,0,0,0,,616
1403,-20,-2,50,0,13.5,-3,115,0,0,0,1,,617
1404,4.75,-2.5,50,0,-22.5,-6,50,0,0,0,0,,618
1405,-18,-6.75,30,0,14,-1.5,85,0,0,0,0,,619
1406,0,-3,170,0,-20,-0.25,135,1,3,0,0,,620
1407,-20.25,-4.5,80,0,9,-0.75,95,0,0,0,0,,621
1408,-3.25,-1.25,20,0,1.25,-0.5,140,0,0,0,0,,622
1409,-16,-5.75,155,0,-19,-4.75,100,0,0,0,0,,623
1410,5,-5.5,65,0,-20,-4.5,130,0,0,0,1,,624
1411,-8,-2.25,110,0,-1.25,-2.75,85,0.5,3,0,0,,625
1412,6.25,-0.25,170,0,4.75,-6,140,0,0,1,0,,626
1413,1.25,-3.5,145,0,-14.75,-3.75,70,0,0,0,0,,627
1414,-4.5,-6.5,155,0,7,-3,120,0,0,0,1,,628
1415,4,-3.5,135,0,-12,-7,75,0,0,0,0,,629
1416,12.25,-3.5,75,0,0.75,-2.75,105,0,0,0,0,,630
1417,-18.25,0,130,0,-2.75,-3,60,0,0,0,1,,631
1418,8.5,-6.25,175,0,9,-4,35,2,2,0,0,,632
1419,-16,-6.5,175,0,-11,-3,75,0,0,0,0,,633
1420,-0.75,-4.5,100,0,-19.75,-1,110,0,0,0,0,,634
1421,-20.25,-6.5,25,0,-5,-4,45,0,0,0,0,,635
1422,-14,-5,15,0,-18,-6,15,0,0,0,0,,636
1423,-18.5,-7,170,0,6.25,-4.25,120,0,0,0,0,,637
1424,7.5,-5,30,0,14.5,-3,30,0,0,0,1,,638
1425,11,-4,75,0,-14.75,-2.75,80,0,0,0,0,,639
1426,-4,-4.5,20,0,-7.75,-4.75,10,0,0,0,0,,640
1427,-5.25,-4.25,130,0,6.5,-5.5,165,0,0,0,0,,641
1428,-20.5,-0.5,15,1.75,-14,-2.25,65,0,3,0,1,,642
1429,-13.5,-3.25,160,0,-11,-2.75,25,0,0,0,1,,643
1430,-24.25,-5.5,100,0,-12.75,-5,80,0,0,0,0,,644
1431,4.5,-4.75,95,0,-17,-1,140,0,0,1,0,,645
1432,-17.5,-5.75,170,0,-16,-5.5,75,0,0,0,0,,646
1433,14,-5.75,20,0,5.5,-6,165,0,0,1,0,,647
1434,-21.75,-5.5,20,0,-1.5,-7,160,0,0,0,1,,648
1435,-24,-7,55,0,-17.5,-5,40,0,0,0,0,,649
1436,-15.25,-3.25,90,0,8,-5.25,65,0,0,0,0,,650
1437,5,-6.75,150,0,-11.75,-6,60,0,0,0,0,,651
1438,-9.25,-2.75,175,0,-16,-6.75,145,0,0,0,0,,652
1439,4,-4,150,0,-16.5,-2,25,0,0,0,0,,653
1440,6,-0.25,30,0,-3,-0.25,125,0,0,0,0,,654
1441,-1.25,-2.5,55,0,8,-5.25,95,0,0,0,1,,655
1442,-16.75,-1.25,10,0,-10,-2.25,40,0,0,0,0,,656
1443,-20.25,-6,65,0,-16,-6.25,105,0,0,0,0,,657
1444,-10,-2.75,150,0,3.5,-3.75,5,0,0,0,1,,658
1445,-5.75,0,140,0,14,-2,20,0,0,0,0,,659
1446,-4.75,-2.75,130,0,0,-0.75,60,0,0,0,0,,660
1447,-4,-1,150,0,9.5,-3.5,160,0,0,0,0,,661
1448,11,-0.5,20,0,1.75,-2,130,0,0,0,0,,662
1449,-18.25,-2.5,120,0,-20,-1.75,165,0,0,0,0,,663
1450,-23.75,-4.75,10,0,-20.5,-2.25,95,2,3,0,0,,664
1451,-12.25,-3.5,150,0,5,-1.25,175,0,0,0,0,,665
1452,-5.5,-2,155,1.75,0.25,-6.5,165,0,3,0,0,,666
1453,-14.75,-5,10,0,14,-6,45,0,0,1,0,,667
1454,11.75,-0.5,10,0,-23.5,-5,115,1,2,0,0,,668
1455,-2.25,-2,25,0,-21,-5.75,180,0,0,0,0,,669
1456,-9,-0.25,155,3,-10.75,-0.75,55,0,1,0,0,,670
1457,4,-4.75,115,0,-2.5,-5.25,180,0.5,2,0,0,,671
1458,6.25,-5.5,125,0,5.5,-2.5,60,2.25,2,0,0,,672
1459,-8.5,-0.25,20,0,-12.5,-6.75,125,0,0,0,1,,673
1460,2.5,-2.75,85,0,-21,-7,15,0,0,0,1,,674
1461,-17,-3,50,0,12.75,0,110,0,0,0,0,,675
1462,-1.25,-6,120,0,-0.5,-6.75,30,0,0,1,0,,676
1463,-18,-3,45,0,-1.25,-1,55,0,0,1,0,,677
1464,-2.75,-6.5,60,0,1.5,-5.5,90,0,0,0,0,,678
1465,6.75,-5,85,0,-9,-4.75,75,0,0,0,1,,679
1466,-9.25,-6.25,100,0,-23,-3.25,115,0,0,0,0,,680
1467,-8.25,-2,30,0,0,-2.25,180,0,0,0,0,,681
1468,-23,-2,50,0,2,-3.25,25,1,2,0,0,,682
1469,2.25,-4.75,105,0,-11,-6,15,0,0,0,0,,683
1470,6.75,-2.25,70,0,6,-3.25,155,0,0,0,1,,684
1471,2,-3,150,0,3,0,25,0,0,0,1,,685
1472,-8,-1.25,60,0,7,0,160,0,0,0,0,,686
1473,4.5,-6.25,95,0,6.5,-5.25,35,0,0,0,0,,687
1474,-20.5,-5.5,90,0,3.25,-1,125,0,0,0,0,,688
1475,-23.75,-5,40,0,5,-5,30,0,0,0,1,,689
1476,5.25,-5,35,0,4.75,-3.75,180,0,0,0,0,,690
1477,2.75,-6,10,0,-7.75,-5.5,45,0,0,0,0,,691
1478,-22.25,-2.5,170,0,12.75,-3.25,25,0,0,0,0,,692
1479,-1,-6.75,45,0,-19,-1,90,0,0,0,1,,693
1480,-22,-4.25,135,0,14,-6,40,0,0,0,0,,694
1481,-0.75,-2.5,125,0,-16,-2.25,50,0,0,0,0,,695
1482,-4,-3.75,55,0,-17.5,-1,150,0,0,0,0,,696
1483,-5.25,-4.5,100,0,14.75,-5.25,85,0,0,0,0,,697
1484,-14.75,-0.5,170,0,-1,-3.75,20,0,0,0,0,,698
1485,-20.5,-1.25,90,0,-17,-5.25,60,2.5,2,0,0,,699
1486,12,-5,175,0,9.25,-3.5,50,0,0,0,0,,700
1487,-22.5,-6,85,0,-10.25,0,150,0,0,0,0,,701
1488,-21,-1.5,180,0,2,-0.75,45,0,0,0,1,,702
1489,12.75,-1.75,45,0,-20,-4.5,180,0,0,0,0,,703
1490,11.5,-1,50,0,-18.25,-0.75,165,0,0,1,0,,704
1491,-5.75,-5,70,0,-21,-1.5,10,0,0,0,0,,705
1492,11,-2,20,0,-5,-3,85,0,0,0,0,,706
1493,-11.5,-5,150,0,-18.5,0,135,0,0,0,0,,707
1494,11.5,-6,175,0.5,-21,-6.75,120,0,1,0,1,,708
1495,-3,-1.5,150,0,-4.5,0,50,0,0,1,0,,709
1496,-4,-4.75,75,0,-8,-5.75,175,3.25,1,0,0,,710
1497,6.25,-1.75,35,0,-3,-3.25,70,0,0,0,0,,711
1498,6,-6,45,0,-17.25,-4.5,140,0,0,0,1,,712
1499,2,-3.25,115,0,-24.5,-3.75,75,0,0,0,0,,713
1500,-9.75,-6,155,0,-16,-0.75,165,0,0,0,0,,714
1501,7,-6.25,45,0,2.75,-3.25,70,0,0,0,0,,715
1502,9,-7,15,0,-20,-4,70,0,0,0,0,,716
1503,-8.75,-6.5,160,0,2,-5,20,0,0,0,0,,717
1504,4,-2.25,135,0,-22,-6.5,160,0,0,0,0,,718
1505,-16.25,-4.75,65,1,-6.25,-0.25,170,0,3,0,0,,719
1506,7,-3.25,60,0,13.5,-2,145,0,0,0,0,,720
1507,1.5,-5,115,0,-20.25,-0.25,125,0,0,0,0,,721
1508,-7,-4,95,0,-19.25,-3.25,25,0,0,0,0,,722
1509,9.5,-2,25,0,-10.5,-6.5,30,0,0,1,0,,723
1510,-7.25,-7,180,0,-9.25,-5.75,140,0,0,1,0,,724
1511,-15.5,-6,80,0,-7.25,-3,135,0,0,0,0,,725
1512,-5,-3.5,60,0,-19.5,-2.75,30,0,0,0,0,,726
1513,-10,-5.25,105,0,8.5,-6.5,15,0,0,0,0,,727
1514,12,-4.5,20,0,-6,-5,85,0,0,0,0,,728
1515,-17.75,-4.25,105,0,-19,-5,165,0,0,0,1,,729
1516,-16.5,-2,180,0,-22,-5.5,160,0,0,0,0,,730
1517,-7,-3.5,155,0,5,-4,25,0,0,1,0,,731
1518,-5,-1.5,160,0,3.75,-1.75,155,0,0,0,1,,732
1519,-15.75,-7,85,0,-17,-5.5,95,0,0,0,0,,733
1520,-3.5,-5,120,0,13.25,-4.5,180,0,0,0,0,,734
1521,7,-2.5,180,0,-5,-2.75,80,0,0,0,0,,735
1522,-20,-3,150,0,-21.75,-4,115,0,0,0,0,,736
1523,-13.25,-0.25,25,0,-20.5,-6,15,0,0,0,0,,737
1524,-5.25,-5.5,45,0,-9.75,-6.75,95,0,0,1,1,,738
1525,-14.75,-2,85,0,13.5,-2,10,0,0,1,0,,739
1526,3,-2.5,115,0,10,-4.5,75,0,0,0,0,,740
1527,-17,-6.5,140,0,-12,-2.25,160,0,0,0,0,,741
1528,-18.5,-3.75,140,0,6.25,-4.75,35,0,0,0,1,,742
1529,-22.5,-5,40,0,-11.75,-1,30,0,0,0,1,,743
1530,7.25,-6,150,0,-7,-2,45,0,0,0,0,,744
1531,-12.25,-2,150,0,1.25,-1.25,110,0,0,0,1,,745
1532,12.75,-3.25,155,0,-21,-4.25,40,0,0,0,0,,746
1533,5,-6.25,60,0,-12,-5.5,5,1.5,3,0,0,,747
1534,-21.25,-3.75,5,0,-10.25,-3,95,0,0,0,1,,748
1535,4.5,-6,5,0,6.5,-5,125,0,0,0,0,,749
1536,8.5,-4.5,105,0,-20,-5.5,175,0,0,0,0,,750
1537,15,-5,125,0,-17.25,-2,55,0,0,0,0,,751
1538,-1.75,-1.25,15,0,5,-2.75,40,0,0,1,0,,752
1539,10,-6.5,85,0,-19,-4,110,0,0,0,0,,753
1540,-2.25,-6.75,40,0,6.25,-3.75,75,0,0,0,0,,754
1541,9.5,-1,85,0,2.5,-3.5,80,0,0,0,1,,755
1542,-12.25,-0.75,140,0,11.5,-3,150,0,0,0,0,,756
1543,-10.5,-5,160,0,-12.25,-0.5,25,0,0,0,0,,757
1544,-23.75,-3,80,0,-20,-4,170,0,0,0,0,,758
1545,-8.25,-5,180,0,3,-0.5,20,0,0,0,0,,759
1546,0.5,-1.25,170,0,7,-5.75,145,0,0,0,1,,760
1547,14.75,-1.75,75,0,-11.5,-1,40,0,0,0,1,,761
1548,13.25,-2.5,90,0,15,-0.25,125,0,0,0,0,,762
1549,13.5,-4,120,0,-9,-1.25,90,2.75,2,0,0,,763
1550,2,-4.75,80,0,2.5,-5.5,110,0,0,0,1,,764
1551,-6.25,-3,175,0,-17,-5.25,10,1.25,1,0,0,,765
1552,-9.75,-4.75,150,0,2,-5.25,165,0,0,0,0,,766
1553,-3.75,-1,160,0,-10,-6.5,5,0,0,0,0,,767
1554,-9,-5.5,25,0,-6.25,-6,120,0,0,0,1,,768
1555,-11.25,-3.25,100,0,9,-6.5,85,0,0,0,0,,769
1556,-10.75,-4.75,140,0,-17.75,-7,140,0,0,0,0,,770
1557,8.25,-4.25,100,0,-3.5,-1.75,80,0,0,0,1,,771
1558,-14.25,-5.75,105,0,12,-4,45,0,0,0,0,,772
1559,14,-1,135,0,13.25,-6,120,0,0,0,0,,773
1560,-9,-1.5,70,0,-6.5,-0.5,110,0,0,0,0,,774
1561,-19.5,-6.75,40,0,0.25,-1.5,75,0,0,0,0,,775
1562,-4.25,-4,160,0,-5.75,-5.5,155,0,0,0,0,,776
1563,-9.5,-1.75,80,0,8,-3.5,90,0,0,0,0,,777
1564,-7,-4,45,0,-13.25,-4.75,145,0,0,0,1,,778
1565,7.25,-2.5,5,0,-10.25,-0.25,110,0,0,1,0,,779
1566,2.5,-6,20,0,-16.5,-1.5,170,0,0,0,0,,780
1567,12,-3,40,0,2.75,-4.5,90,0,0,0,0,,781
1568,7,-6.5,95,0,-25,-6.5,45,0,0,0,0,,782
1569,-1,-1,40,0,-20.75,-1,155,0,0,0,0,,783
1570,5.5,-4.75,75,0,-24.75,-2,175,0,0,0,0,,784
1571,-23,-6,10,0,10,-6.75,45,0,0,0,0,,785
1572,8.75,-5,170,0,-18.25,-5,180,0,0,0,0,,786
1573,-17.5,-3.25,120,0,8.75,-6.25,5,0,0,0,1,,787
1574,-22.75,-5.25,70,0.75,-17,-4.75,75,0,1,0,0,,788
1575,-3,-5,130,0,-13,-6,25,0,0,0,0,,789
1576,-6.75,-3.75,75,0,-15,-4,135,0,0,0,0,,790
1577,-11.75,-3.5,165,0,-10.5,-7,170,0,0,0,0,,791
1578,-22.25,-6,85,0,8.5,-3,40,0,0,0,0,,792
1579,10.25,-5,155,0,4.5,-6.25,150,1,3,0,0,,793
1580,6,-1,130,2.5,2.25,-6.25,115,0,1,0,0,,794
1581,-18.5,0,35,0,-2,-2.25,10,0,0,0,0,,795
1582,-14,-6.25,115,0,-12,-3,55,0,0,0,0,,796
1583,-12,-2.75,5,0,14.25,-6,20,0,0,1,0,,797
1584,1.5,-5.25,105,0,-25,-1.75,60,0,0,0,0,,798
1585,-13.75,-5.25,170,0,-9,-5,65,0,0,0,0,,799
1586,-11.75,-2.75,25,0,6.5,-0.5,35,0,0,0,0,,800
1587,-8,-6.75,25,0,11.5,-1,110,0,0,0,1,,801
1588,5.5,-1.75,20,0,-9,-5.75,70,0,0,0,0,,802
1589,-0.75,-3,5,0,14.75,-6,30,0,0,0,0,,803
1590,4.25,-2.25,125,0,-7,-6,135,0,0,0,0,,804
1591,8,-2.25,170,0,0,-3.25,70,0,0,0,0,,805
1592,0,-6,180,0,-15.5,-3.75,105,0,0,0,0,,806
1593,7,-1.5,175,0,-11.25,-1,175,0,0,0,0,,807
1594,11,-5,70,0,-7,-2,170,0,0,0,1,,808
1595,-2.5,-6,145,0,11,-4.5,80,0,0,0,0,,809
1596,-21.75,-5.75,145,0,12.5,-4.5,90,0,0,0,0,,810
1597,-20,-4.25,120,0,12,-5,55,0,0,0,0,,811
1598,-9,-4,135,0,-4,-2.25,140,0,0,0,0,,812
1599,-14.25,-5,105,0,-20.25,-6,45,0,0,0,0,,813
1600,-12.5,-0.25,160,0,-1,-5.25,10,0,0,0,0,,814
1601,-24.5,-4,180,0,-23.75,-2,125,0,0,0,0,,815
1602,-7.75,-0.75,145,0,0,-0.75,90,0,0,0,0,,816
1603,-6.5,-3.25,150,0,-14,-4.5,160,0,0,0,0,,817
1604,10,-2.75,35,0,-24,-1,105,0,0,0,1,,818
1605,-24.25,-3,10,0,11.25,-2.75,115,0,0,0,0,,819
1606,-10.5,-4.75,90,2.5,-4.25,-4,130,0,3,1,1,,820
1607,2.75,-6.25,10,0,-19.25,-2.5,5,0,0,0,0,,821
1608,-5.5,-4,105,0,3.75,-6.5,5,0,0,0,1,,822
1609,-17,-1.75,10,0,-8.75,-3.25,10,0,0,0,0,,823
1610,14.25,-3,90,0,-2.25,-1.75,180,0,0,0,0,,824
1611,-6,-6,105,0,-20,-2.5,50,0,0,0,0,,825
1612,-23.25,-5,95,0,-23,-1,110,0,0,1,0,,826
1613,6.75,-7,25,0,-22,-4.75,65,0,0,0,0,,827
1614,2.5,-5,30,0,6,-2.75,155,0,0,0,1,,828
1615,-2,-4,25,0,2.5,-4,140,0,0,0,1,,829
1616,-17,-5,135,0,-18,-2.75,115,0,0,0,0,,830
1617,2.5,-3.75,120,0,-3.5,-2.25,125,0,0,0,0,,831
1618,11.5,-0.5,35,0,-18.25,-3.75,20,0,0,0,1,,832
1619,-2,-5,55,0,-23,-0.25,65,0,0,0,0,,833
1620,-23,-2.5,95,0,14,-0.25,30,0,0,0,0,,834
1621,8,-2.5,110,0,-8.75,-6.5,180,0,0,0,0,,835
1622,-7,-1.25,90,2.75,11,-6.75,105,0,2,0,0,,836
1623,-5,-1,70,0,-6.75,-6,130,0,0,0,0,,837
1624,-12.25,-3,125,0,-23,-2,125,0,0,1,0,,838
1625,-1.75,-5.25,115,0,-15.5,-1.5,40,0,0,0,0,,839
1626,-14,-5,165,0,-6.25,-1,170,0,0,0,0,,840
1627,-10.5,-6,120,0,-0.25,-2,90,0,0,0,0,,841
1628,-2.5,-6.5,40,0,-15,-5.25,90,0,0,0,0,,842
1629,-14.5,-1.75,85,0,9,-5.75,100,0,0,1,0,,843
1630,-10,-1,15,0,-9.75,-6.5,160,0,0,0,0,,844
1631,-3,-2.5,25,0,8.5,-2,10,0,0,0,1,,845
1632,-11,-5,140,0,-2.25,-5,175,0,0,0,0,,846
1633,-16.5,-6,60,0,3.25,-1.25,95,0,0,0,0,,847
1634,0,-4.5,100,0,6.5,-4.25,25,0,0,0,0,,848
1635,4.25,-5.5,15,0,-21.5,-2.25,80,0,0,0,0,,849
1636,-15,-6.25,110,0,-7.5,-3.75,5,0,0,0,0,,850
1637,-3.25,-1,75,0,2,-5.75,90,0,0,0,1,,851
1638,6.75,-5.75,85,0,5.75,-4.75,40,0,0,0,0,,852
1639,-20,-2.25,155,0,-9.75,0,15,0,0,0,0,,853
1640,12.5,-6.5,100,2.75,7,-6,155,0,1,0,1,,854
1641,-5.75,-1.75,60,0,-16,-1.25,55,0,0,0,0,,855
1642,-25,-5,130,0,-0.75,-6.25,85,0,0,0,0,,856
1643,1,-6,75,0,-18.25,-2.5,170,0,0,0,0,,857
1644,-20.5,-6.75,50,0,12,-6.25,25,0,0,0,0,,858
1645,-8,0,25,0,-21.25,-1.75,140,0,0,0,0,,859
1646,-13.25,-5,70,0,-21,-4.75,20,0,0,0,0,,860
1647,-11,-3,145,0,-3,-3.75,80,0,0,0,1,,861
1648,0.75,-1.75,180,0,2,-2,120,0,0,0,1,,862
1649,-19,-1.75,5,0,10.75,-3.75,100,0,0,0,0,,863
1650,-3,-5.25,85,0,-19,-2.25,95,0,0,0,1,,864
1651,-9,-6,120,0,-14,0,30,0,0,0,0,,865
1652,-11.25,-4,95,2.5,-6,-0.5,65,0,1,0,0,,866
1653,12.5,-4.5,100,0,-2,-6,55,0,0,0,0,,867
1654,-10.5,-5.5,125,0,-2.75,-2,145,0,0,0,0,,868
1655,-20,-5,115,0,0,-6,85,0,0,1,1,,869
1656,-13.75,-7,115,0,-1.75,-6.25,45,0,0,0,0,,870
1657,-10,-0.75,175,0,-19.75,-5.25,60,0,0,0,0,,871
1658,-17.5,-6,100,0,-11.5,-1.25,130,0,0,0,0,,872
1659,8.75,-5.75,115,0,13,-5.75,95,0,0,1,0,,873
1660,5,-4.75,10,0,9.25,-4.25,30,0,0,0,1,,874
1661,-22.5,-4.5,45,0,-23,-5.5,30,0,0,0,0,,875
1662,-8.5,-6.75,70,0,8.25,-6.75,130,0,0,0,1,,876
1663,-3.75,-5.25,100,1.75,-15,-5,70,0,2,0,1,,877
1664,-22,-3.5,60,0,-18.25,-1.5,140,0,0,0,0,,878
1665,-13,-1.75,105,0,11.5,-4.75,150,0,0,0,0,,879
1666,6.25,-1.75,65,0,-9.75,-6,130,0,0,0,0,,880
1667,-12.25,0,165,0,-21.75,-5.75,85,0,0,0,0,,881
1668,15,-1,85,0,-18.5,-7,85,0,0,0,1,,882
1669,3,-1.5,25,0,13,-3.25,125,1.5,2,0,0,,883
1670,-22.5,-6.75,145,0,-13.5,-0.5,120,0,0,0,0,,884
1671,11.75,-6,25,0,-8.25,-3,75,0,0,1,0,,885
1672,-11.25,-6.25,15,0,-12.5,-0.25,100,0,0,0,0,,886
1673,-10,-0.5,145,0,12.75,-2,20,0,0,0,0,,887
1674,0.5,-3,85,0,-6,-2.75,40,0,0,0,0,,888
1675,-22.75,-6.5,65,0,-16.25,-3.25,80,0,0,0,0,,889
1676,-7,-0.5,25,0,2,-0.5,125,0,0,0,0,,890
1677,-1,-2,100,0,13.5,-5.5,70,0,0,0,1,,891
1678,11.25,-3.75,20,0,2.75,-2.75,105,0,0,0,1,,892
1679,-11.5,0,105,0,9.75,-1,45,0,0,0,0,,893
1680,-23.75,-6.25,75,0,-2.75,-0.25,120,0,0,0,0,,894
1681,-12,-4.25,20,0,-15.25,-0.75,90,0,0,0,0,,895
1682,7.25,-6.5,10,0,-19.75,-1,80,0,0,0,0,,896
1683,4.5,-0.5,85,0,-19,-3.75,40,0,0,0,0,,897
1684,-20.25,-3.75,180,0,10,-1.25,170,0,0,0,0,,898
1685,11.25,-2,20,0,3.25,-1,20,1.5,3,0,0,,899
1686,-18.5,-2.25,130,0,11,0,135,0,0,0,0,,900
1687,-15,-2,10,0,-24,-6.75,135,0,0,0,0,,901
1688,-14.5,-6.75,175,0,-22,-2,95,0,0,0,0,,902
1689,4,-0.25,10,2.5,12.25,-4.25,115,0,3,0,0,,903
1690,-4.25,-2,155,0,-20,-5.5,105,0,0,0,0,,904
1691,-12,-3.25,160,0,0.25,-4,175,0,0,0,1,,905
1692,-12,-6.25,30,0,-13.5,-5,35,0,0,0,1,,906
1693,-20.5,-5.25,110,0,10,-0.5,20,0,0,0,1,,907
1694,8.25,-3,150,0,-18.75,-4,120,0,0,0,0,,908
1695,3,-4,95,0,-19.25,-0.75,120,0,0,0,0,,909
1696,14.25,0,110,0,-7,-4,135,0,0,0,0,,910
1697,-15.75,-2.5,5,0,-20,-6,145,0,0,1,0,,911
1698,-9.5,-5,80,0,-7,-5,65,0,0,0,0,,912
1699,-15,-6.5,40,0,-21.75,-2.25,100,0,0,0,1,,913
1700,-2.5,-6.5,150,0,9,-0.5,125,0,0,0,0,,914
1701,9,-5.25,25,0,2,-0.75,115,0,0,0,0,,915
1702,10.25,-3,80,0,-24.5,-4,140,0,0,0,0,,916
1703,12.75,-4,85,0,0,-3,45,0,0,0,0,,917
1704,1.75,-1,30,0,-3.5,-4.25,5,0,0,0,0,,918
1705,-7.5,-2,100,0,-8.25,-0.5,110,0,0,0,0,,919
1706,-3.25,-2,165,0,6.5,-2.75,160,0,0,0,0,,920
1707,-10.75,-1.5,125,0,-10,-4.75,55,0,0,0,0,,921
1708,-11,0,70,0,-15.5,-4.75,75,0,0,1,0,,922
1709,11,-5,20,0,-6.5,-6,110,0,0,1,0,,923
1710,10,-6,20,0,-13.5,-4.75,105,0,0,1,0,,924
1711,1,-5,45,0,10.5,-1,95,0,0,1,1,,925
1712,-8.75,-1.25,45,0,-16,-1.5,40,0,0,0,1,,926
1713,7.25,-4.75,130,0,12,-1.25,50,0,0,0,0,,927
1714,4.5,-3.5,175,0,2.5,-4.75,55,0,0,0,0,,928
1715,2.25,-7,75,0,-21.25,-4.75,85,0,0,0,0,,929
1716,-14.25,-1.25,120,0,7.5,-2,60,0,0,0,0,,930
1717,-9.25,-6,130,0,-19,-2.5,30,0,0,1,0,,931
1718,6.25,-0.25,10,0,-1.25,-1,55,0,0,0,0,,932
1719,-17.25,-4.5,140,0,1.25,-2.25,130,1,1,0,0,,933
1720,2.25,-5.75,15,0,13.25,-3.5,115,0,0,0,0,,934
1721,-20.75,-6.25,155,0,-1.75,-2.75,25,0,0,0,0,,935
1722,-19.25,-1.75,50,0,-12,-7,30,0,0,0,0,,936
1723,-21.75,-2.5,5,0,-20.75,-6.5,125,0,0,0,1,,937
1724,9.5,-1.25,30,0,-2,-0.75,5,1,2,0,0,,938
1725,-16.25,-5,95,0,-24,-6,165,0,0,0,0,,939
1726,-15.5,-3.75,95,0,-20,-3.75,35,0,0,0,0,,940
1727,7,-2.5,60,1,13,-3,85,0,1,0,0,,941
1728,-17.25,-6,115,0,-10.25,-4.75,140,0,0,0,0,,942
1729,6.75,-5,175,0,-7.75,-5,140,0,0,0,0,,943
1730,7,-3.5,105,0,10.25,-4.75,25,0,0,0,0,,944
1731,-2,-5,90,0,-22.5,-6.5,65,0,0,1,0,,945
1732,14.5,-7,90,0,11.25,-3.25,140,0,0,0,0,,946
1733,10,-6.75,110,0,-12.75,-4,120,0,0,0,0,,947
1734,6.75,-6.75,70,0,-3,-3.5,160,0,0,0,0,,948
1735,12.25,-5.75,85,0,-20,-1.25,10,0,0,0,0,,949
1736,-19.75,-3.25,155,0,-3.75,-6.5,165,0,0,0,0,,950
1737,-18.5,0,35,0,-0.25,-1,60,0,0,0,0,,951
1738,-17.5,-1,125,0,-4.25,-2.5,155,0,0,0,0,,952
1739,-10,-2.75,155,0.75,-13.75,-2,15,0,2,0,0,,953
1740,-8,-6,150,0,6,-6.75,15,0,0,0,0,,954
1741,-23.5,-5.5,20,0,-20,-5.75,5,0,0,0,0,,955
1742,12.5,-5.75,35,0,-19.25,-4,55,0,0,0,0,,956
1743,-13.75,-5,150,0,9.75,-3.75,180,0,0,0,0,,957
1744,10,-0.25,30,2.75,-15,-6.25,130,0,3,0,0,,958
1745,5,-0.5,60,0,10.25,-6,105,0,0,0,0,,959
1746,14.75,-1.75,155,1.25,4.75,-2.5,115,1.5,3,0,0,,960
1747,-18,-5,95,0,-24,-0.25,65,0,0,0,0,,961
1748,12.25,-5,65,0,-21.25,-4,60,0,0,0,0,,962
1749,-13.5,-7,105,0,0.25,-6,150,0,0,0,1,,963
1750,-21.75,-4.75,70,0,-10.5,-7,65,0,0,1,0,,964
1751,-4,-4,65,0,5.5,-6.25,130,0,0,0,0,,965
1752,6,-2.5,145,0,0,-1.25,125,0,0,0,1,,966
1753,-18,-6.25,150,0,-10.25,-6,145,0,0,0,0,,967
1754,-6,-3,110,0,3.5,-5,140,0,0,0,1,,968
1755,-10,-1,170,0,1,-1,30,0,0,0,0,,969
1756,-3,-4.5,125,0,11,-2.5,5,0,0,0,0,,970
1757,-23.75,-2,110,1.25,-5.25,-1.75,105,0,2,0,0,,971
1758,-11.25,-2,85,0,-18.5,-7,165,0,0,0,0,,972
1759,6.5,-5,65,0,-19.75,-5.25,150,0,0,0,0,,973
1760,-19.75,-1.5,150,0,-17.75,0,45,0,0,0,0,,974
1761,4.75,-6.5,160,0,-2,-1.5,70,0,0,0,0,,975
1762,-11.75,-5.75,15,0,13.25,-6,45,0,0,0,0,,976
1763,-2.75,-5,110,0,-17.25,-3.25,150,0,0,1,0,,977
1764,-7.75,-1,115,0,-21,-4.75,160,0,0,0,0,,978
1765,-20,-6.5,95,0,-0.5,-6.75,35,0,0,0,0,,979
1766,4.5,-3,30,0,0.25,0,10,0,0,0,0,,980
1767,-2,-4,100,0,-9.5,-5,165,0,0,0,0,,981
1768,-19,-1.75,130,0,0.5,-4,135,0,0,0,1,,982
1769,-6.75,-5,55,0,-10.25,-3.5,20,0,0,0,1,,983
1770,1,-5,10,0,-18.5,-5,145,0,0,0,1,,984
1771,-15.25,-7,140,0,-12,-1,45,0,0,0,0,,985
1772,-8.5,-0.5,70,0,-8.5,-4.75,115,0,0,1,0,,986
1773,-14.25,-3.5,115,0,12,-4.25,25,0,0,0,0,,987
1774,-3,-2.25,135,0,7,-2.5,25,0,0,0,0,,988
1775,-4.25,-5,55,0,-5.5,-6,115,0,0,0,0,,989
1776,-25,-6,85,2.5,-4.5,-4,125,0,2,0,0,,990
1777,13.5,-1.25,120,0,14.5,-6,55,0,0,0,0,,991
1778,4.75,-2.25,165,0,8,-2.25,155,0,0,0,0,,992
1779,-16,-5.25,25,0,7.25,-5,140,0,0,0,0,,993
1780,1,-3,125,0,-24,-4,90,0,0,0,0,,994
1781,-13.25,0,75,0,-23,-2,145,0,0,0,0,,995
1782,-18.25,-5.5,130,0,7,-5.75,85,0,0,0,0,,996
1783,-11.75,-2.25,100,0,-20.25,-7,115,0,0,1,0,,997
1784,-18.5,-3.5,50,0,-6.5,-3.5,45,0,0,0,1,,998
1785,9.5,-5,90,0,6.5,-3,90,0,0,0,0,,999
1786,-14,-2.25,145,0,11.25,-7,160,0,0,0,0,,1000
1787,-16,-3.25,60,0,-16,-4,120,0,0,0,0,,1001
1788,-18,-1,125,0,-9.5,-3,35,0,0,0,0,,1002
1789,1,-1.75,100,0,2,-4,100,0,0,0,0,,1003
1790,1.25,-2.5,90,0,-5.5,-0.25,155,0,0,0,0,,1004
1791,-10.75,-0.5,105,0,0,-2,30,0,0,1,0,,1005
1792,-4.5,-5,125,0,-20.25,-6.5,170,3,2,0,0,,1006
1793,-2.75,-5.75,135,0,9.75,-3.75,15,0,0,0,0,,1007
1794,-15.25,-6,50,1.25,-9.75,-3,30,0,3,0,0,,1008
1795,-9.75,-3.5,150,0,12,-6,105,0,0,0,0,,1009
1796,-13.25,-6.5,150,0,11.5,-5.5,130,0,0,0,0,,1010
1797,14.25,-7,165,0,-18.75,-5.25,85,0,0,0,0,,1011
1798,-20.25,-4,90,0,-5.25,-6,15,0,0,0,0,,1012
1799,-17,-2.25,160,0,-5.25,-5.75,140,0,0,0,1,,1013
1800,-17.5,-1.5,90,0,-9,-0.75,120,0,0,0,1,,1014
1801,11.75,-3,70,0,-24.5,-0.5,120,0,0,1,0,,1015
1802,5,-3.5,120,0,-20.25,-1,40,0,0,0,1,,1016
1803,-20.25,-7,55,0,-13.75,-0.75,60,0,0,0,0,,1017
1804,-15.25,-3,60,0,-12,-3.25,10,0,0,0,0,,1018
1805,2,-1.25,40,0,-7,-6,175,0,0,0,0,,1019
1806,-18,-1.5,75,0,-5.5,-5.75,165,0,0,0,0,,1020
1807,-1,-6.75,70,0,7.5,-6,95,0,0,0,0,,1021
1808,11.75,-2,105,0,-9,-3,75,0,0,0,0,,1022
1809,-1,-6.75,60,0,-4.25,-3.25,175,0,0,1,0,,1023
1810,1.5,-6.5,125,0,3,-5,135,0,0,0,1,,1024
1811,-24.75,-1.75,45,0,2.75,-5,5,0,0,0,0,,1025
1812,-22.75,-5.25,140,0,12,-5.5,150,0,0,0,0,,1026
1813,-16,0,100,0,-4,-5,45,0,0,0,0,,1027
1814,-7.75,-5.75,15,0,8.75,-7,160,0,0,0,0,,1028
1815,-1.25,-1.25,115,2.25,12.5,-5,25,0,1,0,0,,1029
1816,-8.75,-6.25,40,0,-16.25,-5.75,180,0,0,0,0,,1030
1817,-24.25,-6.25,110,0,10.25,-2.75,120,0,0,0,0,,1031
1818,-20,-5.25,35,0,-21.5,-0.75,135,0,0,0,0,,1032
1819,-8,-2,40,0,-5,-1.75,120,0,0,0,0,,1033
1820,-6.25,-6.75,120,0,0.25,-3,40,0,0,0,0,,1034
1821,3,-0.5,50,0,-16.5,-4.5,140,0,0,0,0,,1035
1822,7,-3.25,160,0,5,-0.75,160,0,0,0,1,,1036
1823,11,-2,150,0,-10,-2,180,0,0,0,1,,1037
1824,-10.25,-6.5,165,0,5,-0.75,85,1.5,1,0,0,,1038
1825,1.5,-3.25,110,0,-19,-6.25,125,0,0,0,0,,1039
1826,-6.5,-2,75,0,-18,-2,160,0,0,0,0,,1040
1827,-9.25,-1.75,105,0,12.75,-5,140,0,0,0,0,,1041
1828,-10.25,-4.25,135,0,4.5,-6.25,20,0,0,0,0,,1042
1829,-8.25,-1.5,180,0,-12.25,-6.25,105,0,0,0,1,,1043
1830,-1,-2,175,0,-13.25,-6.75,125,0,0,0,0,,1044
1831,0,-6,165,0,-12.5,-7,55,0,0,1,0,,1045
1832,6.75,-3.25,85,0,-13.25,-5.5,95,0,0,0,0,,1046
1833,9.75,-6,30,0,-13,-2.75,95,0,0,0,0,,1047
1834,-4.25,-2.25,65,0,-14.75,-3,30,0,0,0,0,,1048
1835,-5.25,-3.5,5,0,-21,-6,130,0,0,0,1,,1049
1836,-25,-3.5,160,0,-4.5,-2.5,180,0,0,0,0,,1050
1837,14.75,-4.25,45,0,-9.75,-1.5,170,0,0,0,0,,1051
1838,-3.25,-6.5,30,0,-21.25,-4.25,45,0,0,0,0,,1052
1839,3,-3.5,170,0,5.25,-4,160,0,0,0,0,,1053
1840,2.25,-3.25,130,0,10.75,-5,130,0,0,0,0,,1054
1841,2.75,-2.25,175,0,5.25,-2,130,0,0,0,1,,1055
1842,1,-5,120,0,-1.5,-5.25,130,0,0,0,0,,1056
1843,-8,-0.25,60,0,7,-2.25,130,0,0,0,0,,1057
1844,-3,-1.5,105,0,-12,-6.5,90,0,0,0,1,,1058
1845,8.25,-6.75,55,1.25,-9,-1,10,0,3,0,0,,1059
1846,2.25,-7,85,0,-19,-6,60,0,0,0,0,,1060
1847,-12.25,-6.25,125,0,-19.75,-2.25,75,0,0,0,1,,1061
1848,-21.5,-6.75,75,0,-5,-1.75,75,0,0,0,0,,1062
1849,-4,-1,150,0,-6.5,-1,130,0,0,1,0,,1063
1850,-24,-5.5,40,0,-20,-6,40,0,0,0,0,,1064
1851,-7,-6.75,15,0,-18,-0.5,85,0,0,0,0,,1065
1852,-18.75,-0.25,15,0,8.25,-3.75,175,0,0,0,0,,1066
1853,-25,-2.75,110,0,-20,-2.75,45,0,0,0,0,,1067
1854,-24,-3,90,0,-18,-7,95,0,0,0,0,,1068
1855,-17.5,-6,120,0,-1,-1.25,155,0,0,1,0,,1069
1856,-8,-4.5,25,0,8.75,-2.75,115,0,0,0,0,,1070
1857,-16,0,50,0,2.75,-1,70,0,0,0,0,,1071
1858,2,-5,115,0,-24.75,-4,135,0,0,0,1,,1072
1859,-17,-4,70,0,-22.5,-6,100,0,0,0,1,,1073
1860,-20.75,-3,85,0,-1.25,-0.75,90,0,0,0,0,,1074
1861,-19.25,-4.5,135,0,-4,-1.25,135,0,0,0,1,,1075
1862,3,0,75,0,5.75,-7,135,0,0,0,0,,1076
1863,-10.5,0,35,0,-6,-1,70,0,0,0,1,,1077
1864,5.25,-0.75,25,0,-21.25,-4,50,0,0,1,0,,1078
1865,-18,-5.25,170,2.75,10,-4.25,170,0,2,0,0,,1079
1866,14,-2.25,155,0,10,-5.5,15,0,0,0,0,,1080
1867,-12,0,120,0,-5,-6.75,40,0,0,0,0,,1081
1868,5.25,-6.5,45,0,-22.25,-6.75,50,0,0,0,0,,1082
1869,-23.5,-5.5,30,0,-23.75,-6,110,1.25,1,0,0,,1083
1870,-7.25,-4.5,5,0.75,14.75,-2,155,1,2,0,0,,1084
1871,-10.5,-0.5,180,1.25,-1.25,-0.75,105,0,3,0,0,,1085
1872,-7.25,-5.5,30,0,-18.75,0,90,0,0,0,0,,1086
1873,-22,-1.25,25,0,9.75,-6.25,85,0,0,0,1,,1087
1874,0.5,-0.75,65,0,-20.5,-4,60,0,0,0,0,,1088
1875,1.5,-7,170,0,14.25,-1.5,130,0,0,0,0,,1089
1876,2,-3,170,0,2,-2.5,135,0,0,0,0,,1090
1877,-18.25,-6.5,100,0,1,-1.25,30,0,0,0,0,,1091
1878,-2.25,-0.5,20,0,-23.5,-0.5,55,0,0,0,0,,1092
1879,4.75,-4.25,110,0,10,-0.75,25,0,0,0,0,,1093
1880,-19,-7,55,0,-5.75,-7,105,0,0,0,0,,1094
1881,-18.5,-4.75,140,0,-4.25,-4,165,0,0,0,0,,1095
1882,-9.25,0,160,0,-11.75,-1,50,0,0,0,0,,1096
1883,-25,-1.25,110,0,-22,-6,5,0,0,0,0,,1097
1884,-5.5,-2.5,75,0,3.75,-2.25,130,0,0,1,0,,1098
1885,12,-6.75,155,0,10.75,0,75,0,0,0,0,,1099
1886,3,-2.75,145,0,-4.5,-0.75,15,0,0,0,0,,1100
1887,-4.75,-0.5,35,0,-12,-1.25,40,0,0,0,0,,1101
1888,-15,-6,130,0,-7,-2.5,20,0,0,0,0,,1102
1889,7.25,-6.5,100,0,11,-5.75,95,0,0,0,0,,1103
1890,-16,-3.25,120,0,-14.75,-3.75,80,0,0,0,0,,1104
1891,10,-1.25,115,0,8.5,-1.75,120,0,0,0,0,,1105
1892,12,-6,110,0,-7.25,-3.25,110,0,0,0,1,,1106
1893,-8.75,-6.25,100,0,-3.75,-1,160,0,0,0,0,,1107
1894,-10.5,-1.5,105,0,6,-1.75,170,0,0,1,0,,1108
1895,3.25,-2,110,0,-2,-3.25,15,0,0,0,0,,1109
1896,13.25,-6.25,65,0,-21.75,-3.75,150,0,0,0,0,,1110
1897,13.75,0,120,0,3.5,-5.75,165,0,0,1,0,,1111
1898,4,-3,60,0,0,-1,65,0,0,0,0,,1112
1899,-10.5,-1.25,110,0,3.25,-5,150,0,0,0,1,,1113
1900,-22,-4.5,120,0,9,-5.25,115,0,0,1,0,,1114
1901,14,-4,140,0,-4,-0.5,150,0,0,0,0,,1115
1902,-21.75,-0.75,70,0,-23,-2.75,60,0,0,0,0,,1116
1903,-15.75,-0.5,30,0,0.5,-4.75,55,0,0,0,0,,1117
1904,-18.75,-6,75,0,2,-7,155,0,0,1,0,,1118
1905,-22.5,0,140,0,9.75,-5.5,70,0,0,0,0,,1119
1906,0.5,-4.25,175,0,7.75,-7,145,0,0,0,0,,1120
1907,-5.5,-5.5,165,0,-10.75,-6.25,180,0,0,0,0,,1121
1908,-20,-1.25,50,0,6.5,-2,35,0,0,0,0,,1122
1909,1,-6,90,0,-18,-6,40,0,0,0,0,,1123
1910,-0.75,-5.5,35,0,-7.5,-0.5,95,0,0,0,0,,1124
1911,-13,-7,35,0,-13.5,-2.75,25,0,0,0,0,,1125
1912,8.75,-3.75,65,0,-6.25,-4.25,135,0,0,0,0,,1126
1913,-13.75,-6.75,70,0,-2,-6.5,70,0,0,0,0,,1127
1914,-7,-6.5,40,0,-2,-7,15,0,0,0,1,,1128
1915,0.25,-5.5,110,0,10.5,-2,105,0,0,1,0,,1129
1916,-12.75,-5,155,0,-15,-5.5,140,0,0,0,0,,1130
1917,13.5,-0.5,170,0,-8.75,-5.25,170,0,0,0,0,,1131
1918,-10.5,-6,15,0,-23,-1.25,60,0,0,0,0,,1132
1919,-8.5,-3,15,0,-1,-7,10,0,0,0,0,,1133
1920,-15,-4,40,0,7,-6,100,0,0,0,0,,1134
1921,4.25,-5,140,0,-24.75,-3,145,0,0,0,0,,1135
1922,-22,-1.5,170,0,-11,-3.25,5,0,0,0,0,,1136
1923,-8.5,-1.5,10,0,-21,-2,120,0,0,0,1,,1137
1924,0.25,-1.75,145,0,-7,-4,5,0,0,0,0,,1138
1925,-14.25,-6,180,0,12.75,-1.25,120,0,0,0,0,,1139
1926,0.75,-1.75,95,0,-1.5,-4.75,170,0,0,0,0,,1140
1927,-20,-3,100,0,-21,-4.25,60,0,0,0,0,,1141
1928,0,-2,90,0,-22.5,-3.5,120,0,0,0,0,,1142
1929,-2.5,-1.25,25,0,1.5,-4,150,0,0,0,0,,1143
1930,-12,-1,60,2.75,-18.5,-5,30,0,2,1,0,,1144
1931,-17,-3.5,85,0,-3.75,-3.5,40,0,0,0,0,,1145
1932,6.25,-2,120,0,-21.75,-6,45,0,0,0,0,,1146
1933,-22.25,-6.25,25,0,11,-5.75,150,0,0,0,0,,1147
1934,-12,-3.25,35,0,8,-2.5,80,0,0,0,0,,1148
1935,5.75,-2,180,0,-2.5,-3.75,155,0,0,0,0,,1149
1936,0,-6,65,0,-13.5,-1,180,0,0,0,1,,1150
1937,-0.5,-3.5,180,0,-20.75,-1.5,55,0,0,0,0,,1151
1938,-14.25,-3.5,25,0,4.25,-0.75,115,0,0,0,0,,1152
1939,-21.75,-1.25,145,0,10.75,-3.5,120,0,0,0,1,,1153
1940,1.25,-1,90,0,3.25,-7,15,0,0,0,0,,1154
1941,-6.75,-3.75,140,0,9.75,-4.25,85,0,0,0,0,,1155
1942,-16.25,-0.5,30,0,-8,-4.25,160,0,0,0,0,,1156
1943,-21.75,-1.25,165,2,12,-6.25,40,0,3,0,0,,1157
1944,7,-5,55,0.75,-19.25,-1,35,0,2,0,0,,1158
1945,-15,-1,95,0,-3,-5,70,0,0,1,0,,1159
1946,-14.75,-0.5,80,0,-20.5,-7,110,0,0,0,1,,1160
1947,-21.5,-4.75,105,0,11,-2.5,50,0,0,0,0,,1161
1948,-11,-2.5,170,0,-1,-1.25,130,0,0,0,0,,1162
1949,12.25,-1.75,110,0,-19,-0.75,105,0,0,0,0,,1163
1950,-13,-2,135,0,15,-4,155,0,0,0,0,,1164
1951,-11,-1.5,180,0,-17.75,-5,175,0,0,0,0,,1165
1952,-12,-6.25,55,0,7.5,-0.25,90,1.25,2,0,0,,1166
1953,0,-6,30,0,12.25,-6,125,0,0,0,1,,1167
1954,14,-4,30,0,-5.25,-6.75,150,0,0,0,1,,1168
1955,-1.75,-2.75,170,0,-8.75,-5.5,65,0,0,0,0,,1169
1956,-23.25,-6.75,125,0,-24,-5.75,65,0,0,0,0,,1170
1957,12.75,-6.75,60,0,-8.75,-1,85,3.25,2,0,0,,1171
1958,-11.25,-5,115,0,-5,-0.25,105,0,0,0,0,,1172
1959,-19.25,-6.25,90,0,-20.25,-5.25,55,0,0,0,0,,1173
1960,-22,-2,145,0,5.75,-1,75,0,0,1,1,,1174
1961,-2.5,-0.25,140,0,-14,-5.25,60,0,0,0,0,,1175
1962,-7.75,-6.25,100,0,-4.25,-3,100,0,0,0,0,,1176
1963,3,-7,150,0,-7,-1,5,0,0,1,0,,1177
1964,-7.75,-6.25,60,0,-10.25,-5.5,120,0,0,0,0,,1178
1965,-22.25,-6.75,85,0,-15.25,-3.5,90,0,0,0,0,,1179
1966,4.25,-0.75,180,0,10.25,-2.5,65,0,0,1,0,,1180
1967,-0.5,-6.75,105,0,3.5,-6,105,0,0,0,0,,1181
1968,-7,-5.75,175,0,9,-3.75,50,0,0,0,0,,1182
1969,10.5,-0.75,150,0,11.25,-3,75,0,0,0,0,,1183
1970,14,-3.75,50,0,-1,0,120,0,0,0,0,,1184
1971,-22.25,-3.25,60,0,-14.25,-3,40,0,0,0,0,,1185
1972,-24.25,-4.75,10,0,-10.75,-0.75,30,0,0,0,0,,1186
1973,4.25,-1,90,0,-3.25,-4.25,65,0,0,0,0,,1187
1974,11,-5.75,105,0,11.25,-4.25,180,0,0,0,0,,1188
1975,2.5,-6.75,60,0,-21,-4.5,90,0,0,0,0,,1189
1976,-1,-3,85,0,-1.75,-6.5,40,0,0,0,0,,1190
1977,0,-6.5,15,0,-18.5,-6.75,60,0,0,0,0,,1191
1978,-10,-5,100,0,4,-1.5,55,0,0,1,0,,1192
1979,-21.75,-6.75,85,0,12,-5,150,0,0,0,0,,1193
1980,-12.75,-0.25,55,0,-23.25,-4,105,0,0,0,0,,1194
1981,-3.5,-5,150,0,-9.75,-6.75,40,0,0,1,0,,1195
1982,3.5,-4,155,0,-9.25,-6,90,0,0,0,0,,1196
1983,-22,-2,55,0,-24,-4,10,0,0,0,0,,1197
1984,6,-2.25,170,0,9.5,-3.75,35,0,0,0,0,,1198
1985,-18,-3.25,145,0,-1.25,-0.5,95,0,0,1,0,,1199
1986,-19,-4.75,35,0,-24.75,-4.75,150,0,0,0,0,,1200
1987,-16.5,-0.5,100,0.0,5.5,-1.25,30,0.0,0,0,1,,1
1988,10,-5.5,30,0,5.5,-6.25,10,0,0,0,1,,1202
1989,-11.75,-4.25,115,0,-6.25,-6.5,65,0,0,0,0,,1203
1990,3,-3,165,0,-9,-3.25,125,0,0,1,0,,1204
1991,3,-2,80,0,1,-4.25,75,0,0,0,0,,1205
1992,1,-6,160,0,14.25,-6.75,120,0,0,0,0,,1206
1993,-13.5,-1,115,0,14,-4.5,180,0,0,1,0,,1207
1994,-14.0,-3.5,115,0.0,-16.25,-3.5,10,0.0,0,0,0,,1
1995,7.5,-0.75,180,0,-9.5,-2,70,0,0,0,0,,1209
1996,1,-2.75,60,0,1.75,-3,110,0,0,0,1,,1210
1997,-16.25,-6.75,80,0,9,-3.75,90,0,0,0,0,,1211
1998,2.5,-5.75,75,0,-20,-2.25,165,0,0,0,0,,1212
1999,-24,-1.5,150,0,6.25,-1,145,0,0,0,0,,1213
2000,-4.75,-1.25,50,0,3.5,-1.5,155,0,0,0,0,,1214
2001,1.25,-1.0,180,0.0,0.0,0.0,180,0.0,0,0,0,,1
2002,-1.0,-0.75,165,0.0,-1.0,-0.75,165,0.0,0,0,0,ÈÈÈÈ,1
2003,0.0,-1.0,180,0.0,0.0,0.0,180,0.0,0,0,0,ÈÈ,1
2004,0.0,-1.0,165,0.0,0.0,0.0,180,0.0,0,0,0,,1
2005,-1.0,-1.0,155,0.0,1.0,-0.75,155,0.0,0,0,0,,1
